"record_id","npi","zip5","state","city","ent_type","offered","wait_days","lat","long"
"316","1538157987","01890","MA","Winchester","Facial Plastics",1,29,42.45,-71.15
"761","1578554549","02110","MA","Boston","Facial Plastics",0,NA,42.359,-71.054
"841","1265896534","02114","MA","Boston","General",0,NA,42.363,-71.066
"350","1407177769","02115","MA","Boston","General",0,NA,42.34,-71.1
"720","1366739153","02118","MA","Boston","Head and Neck Cancer",0,NA,42.34,-71.07
"251","1700178241","02132","MA","West Roxbury","Head and Neck Cancer",1,7,42.28,-71.16
"177","1720210800","02135","MA","Brighton","Rhinology",1,13,42.35,-71.15
"520","1548249048","02138","MA","Cambridge","General",1,2,42.38,-71.13
"395","1558711440","02139","MA","Cambridge","Head and Neck Cancer",0,NA,42.36,-71.1
"50","1326087412","02169","MA","Quincy","General",0,NA,42.24,-71.01
"2","1770772931","02657","MA","Provincetown","General",0,NA,42.05,-70.18
"299","1538250337","02891","RI","Westerly","General",1,26,41.36,-71.8
"112","1992024533","03246","NH","Laconia","Rhinology",0,NA,43.56,-71.48
"408","1568477982","03246","NH","Laconia","General",0,NA,43.56,-71.48
"724","1063778363","03246","NH","Laconia","General",1,25,43.56,-71.48
"789","1861462004","03301","NH","Concord","General",0,NA,43.2,-71.5
"688","1801954144","03301","NH","Concord","General",0,NA,43.2,-71.5
"264","1811965379","03301","NH","Concord","General",1,22,43.2,-71.5
"154","1285691030","03833","NH","Exeter","General",1,42,43,-71
"54","1831296748","03904","ME","Kittery","General",0,NA,43.11,-70.73
"282","1497743991","04268","ME","Norway","General",1,72,44.2,-70.6
"256","1811967227","04330","ME","Augusta","General",0,NA,44.4,-69.7
"604","1043310931","04856","ME","Rockport","General",1,53,44.17,-69.12
"330","1811094220","04901","ME","Waterville","General",1,44,44.6,-69.6
"203","1386828960","04915","ME","Belfast","General",1,0,44.5,-69.1
"782","1154508638","05089","VT","Windsor","General",0,NA,43.5,-72.5
"822","1063436921","05156","VT","Springfield","General",1,27,43.3,-72.5
"67","1679607170","05401","VT","Burlington","Pediatrics",1,70,44.48,-73.2
"709","1346275617","05401","VT","Burlington","General",0,NA,44.48,-73.2
"629","1497778112","05602","VT","Montpelier","General",1,56,44.3,-72.6
"482","1336149160","05701","VT","Rutland","General",0,NA,43.6,-72.9
"189","1568479251","05753","VT","Middlebury","General",1,82,44,-73.2
"48","1104072354","06109","CT","Wethersfield","Otology/neurotology",1,30,41.7,-72.66
"654","1558312074","06226","CT","Willimantic","General",0,NA,41.7,-72.21
"819","1942236989","06226","CT","Willimantic","General",1,5,41.7,-72.21
"278","1457799231","06443","CT","Madison","Pediatrics",1,32,41.3,-72.6
"705","1023496122","06519","CT","New Haven","General",0,NA,41.3,-72.94
"591","1023046349","06790","CT","Torrington","General",1,12,41.84,-73.13
"800","1912946583","07470","NJ","Wayne","General",1,2,40.95,-74.24
"302","1851754022","07753","NJ","Neptune","Facial Plastics",1,9,40.22,-74.07
"148","1831450071","07932","NJ","Florham Park","Head and Neck Cancer",1,11,40.77,-74.4
"831","1396158069","08043","NJ","Voorhees","General",1,16,39.84,-74.96
"692","1174732200","08103","NJ","Camden","General",0,NA,39.93,-75.11
"59","1710074562","08619","NJ","Trenton","General",1,2,40.24,-74.7
"685","1255421673","08816","NJ","East Brunswick","General",1,1,40.43,-74.42
"625","1285662072","08822","NJ","Flemington","General",0,NA,40.5,-74.9
"84","1831281682","08822","NJ","Flemington","General",0,NA,40.5,-74.9
"753","1841361847","10016","NY","New York","Head and Neck Cancer",1,37,40.74,-73.97
"76","1255448106","10021","NY","New York","Rhinology",1,13,40.77,-73.96
"245","1386039196","10021","NY","New York","Facial Plastics",0,NA,40.77,-73.96
"165","1134212400","10021","NY","New York","General",0,NA,40.77,-73.96
"771","1144510439","10022","NY","New York","Laryngology",1,31,40.76,-73.97
"36","1740497791","10028","NY","New York","General",1,14,40.78,-73.95
"186","1104084904","10029","NY","New York","Sleep",1,2,40.79,-73.95
"183","1689746752","10065","NY","New York","Facial Plastics",0,NA,40.765,-73.965
"437","1083716500","10461","NY","Bronx","Otology/neurotology",0,NA,40.84,-73.84
"252","1811151608","10461","NY","Bronx","General",1,4,40.84,-73.84
"645","1679761886","10467","NY","Bronx","Laryngology",1,34,40.88,-73.87
"243","1104997105","11040","NY","New Hyde Park","Rhinology",0,NA,40.74,-73.68
"776","1992754410","11201","NY","Brooklyn","Facial Plastics",1,12,40.7,-73.99
"116","1528047800","11201","NY","Brooklyn","General",1,26,40.7,-73.99
"20","1801259924","11209","NY","Brooklyn","General",1,7,40.62,-74.03
"125","1295754539","11209","NY","Brooklyn","Pediatrics",1,1,40.62,-74.03
"41","1770568818","11209","NY","Brooklyn","General",0,NA,40.62,-74.03
"503","1528172376","11238","NY","Brooklyn","General",0,NA,40.68,-73.96
"749","1568415172","11372","NY","Jackson Heights","Facial Plastics",1,3,40.75,-73.88
"57","1962729103","11530","NY","Garden City","Laryngology",1,12,40.73,-73.64
"217","1285653535","11530","NY","Garden City","Pediatrics",1,1,40.73,-73.64
"727","1245223015","11542","NY","Glen Cove","General",1,1,40.87,-73.62
"196","1538127683","11756","NY","Levittown","General",0,NA,40.72,-73.52
"96","1649230012","12078","NY","Gloversville","General",0,NA,43.1,-74.4
"120","1407842248","12206","NY","Albany","General",0,NA,42.68,-73.79
"153","1851401152","12601","NY","Poughkeepsie","General",1,2,41.7,-73.9
"56","1215029491","12734","NY","Ferndale","General",1,16,41.74,-74.75
"794","1386858694","12901","NY","Plattsburgh","General",1,140,44.7,-73.5
"394","1598737801","13126","NY","Oswego","General",0,NA,43.4,-76.5
"470","1639178379","13214","NY","Syracuse","General",1,774,43.04,-76.07
"805","1760446116","13326","NY","Cooperstown","Otology/neurotology",0,NA,42.7,-74.9
"305","1265496657","13326","NY","Cooperstown","General",0,NA,42.7,-74.9
"441","1598297426","13326","NY","Cooperstown","General",1,1,42.7,-74.9
"134","1205839370","13421","NY","Oneida","General",0,NA,43.1,-75.6
"386","1124525662","13421","NY","Oneida","General",0,NA,43.1,-75.6
"332","1033147772","13601","NY","Watertown","General",0,NA,44,-75.9
"117","1336116797","13617","NY","Canton","General",1,68,44.6,-75.2
"265","1841227816","13669","NY","Ogdensburg","General",1,56,44.7,-75.5
"698","1821070715","13815","NY","Norwich","General",0,NA,42.5,-75.6
"248","1780645283","14020","NY","Batavia","Laryngology",0,NA,43,-78.2
"725","1831194554","14020","NY","Batavia","General",0,NA,43,-78.2
"111","1932197449","14221","NY","Buffalo","General",0,NA,42.99,-78.73
"253","1679597652","14424","NY","Canandaigua","General",1,14,42.8,-77.3
"701","1255355202","14456","NY","Geneva","General",1,51,42.9,-77
"15","1508905548","14618","NY","Rochester","Laryngology",0,NA,43.11,-77.56
"462","1770518219","15102","PA","Bethel Park","General",0,NA,40.32,-80.04
"47","1063592673","15212","PA","Pittsburgh","General",0,NA,40.47,-80.01
"759","1679765788","15224","PA","Pittsburgh","Pediatrics",0,NA,40.46,-79.95
"829","1770691875","15401","PA","Uniontown","General",1,6,39.89,-79.74
"464","1245262476","15601","PA","Greensburg","General",0,NA,40.3,-79.5
"114","1376801688","15644","PA","Jeannette","General",0,NA,40.35,-79.61
"755","1154301547","15666","PA","Mount Pleasant","General",1,8,40.16,-79.53
"847","1720388648","15936","PA","Hooversville","General",0,NA,40.16,-78.9
"594","1477525434","16323","PA","Franklin","General",0,NA,41.4,-79.8
"717","1356879894","16335","PA","Meadville","General",1,32,41.6,-80.2
"92","1225036270","16335","PA","Meadville","General",0,NA,41.6,-80.2
"792","1013977529","16346","PA","Seneca","General",0,NA,41.37,-79.67
"354","1477612372","16801","PA","State College","General",0,NA,40.8,-77.9
"163","1912973314","16915","PA","Coudersport","Facial Plastics",0,NA,41.8,-78
"85","1477510238","16915","PA","Coudersport","General",0,NA,41.8,-78
"75","1508150624","17042","PA","Lebanon","General",0,NA,40.3,-76.4
"474","1588667091","17325","PA","Gettysburg","General",1,25,39.8,-77.2
"728","1306801451","17815","PA","Bloomsburg","General",0,NA,41,-76.4
"673","1235108291","17822","PA","Danville","General",0,NA,41,-76.7
"398","1750322533","17822","PA","Danville","Otology/neurotology",1,22,41,-76.7
"337","1518927409","17822","PA","Danville","Laryngology",1,42,41,-76.7
"606","1205369485","17822","PA","Danville","General",0,NA,41,-76.7
"611","1972795961","17822","PA","Danville","Otology/neurotology",0,NA,41,-76.7
"166","1467806570","17822","PA","Danville","General",1,22,41,-76.7
"473","1043573652","17822","PA","Danville","Pediatrics",1,34,41,-76.7
"342","1174504567","17837","PA","Lewisburg","General",0,NA,41,-77
"184","1205829496","17901","PA","Pottsville","General",0,NA,40.7,-76.3
"180","1912448317","18103","PA","Allentown","Pediatrics",0,NA,40.57,-75.48
"521","1164871505","18301","PA","East Stroudsburg","General",1,14,41,-75.1
"448","1316055122","18431","PA","Honesdale","General",1,40,41.6,-75.3
"320","1821033440","19104","PA","Philadelphia","General",1,15,39.97,-75.2
"329","1881984169","19107","PA","Philadelphia","General",0,NA,39.95,-75.16
"729","1760745442","19140","PA","Philadelphia","Pediatrics",1,32,40.01,-75.15
"432","1184884298","19341","PA","Exton","General",1,18,40.04,-75.63
"773","1750465266","19401","PA","Norristown","General",0,NA,40.13,-75.33
"467","1467553081","19477","PA","Spring House","General",1,26,40.189,-75.229
"435","1932279676","19611","PA","Reading","General",0,NA,40.33,-75.94
"726","1427092501","19713","DE","Newark","General",1,12,39.67,-75.7
"58","1659342582","19713","DE","Newark","General",0,NA,39.67,-75.7
"233","1013008382","19803","DE","Wilmington","Pediatrics",0,NA,39.8,-75.53
"207","1861491409","20007","DC","Washington","General",0,NA,38.92,-77.08
"232","1730124041","20010","DC","Washington","General",1,3,38.93,-77.03
"756","1619101334","20037","DC","Washington","Head and Neck Cancer",1,8,38.89,-77.05
"373","1881853448","20037","DC","Washington","Facial Plastics",1,22,38.89,-77.05
"289","1225445968","20850","MD","Rockville","General",1,5,39.09,-77.19
"255","1134123912","20854","MD","Potomac","General",1,17,39,-77.2
"501","1457427643","20895","MD","Kensington","General",0,NA,39.03,-77.08
"103","1679756902","20903","MD","Silver Spring","General",0,NA,39.02,-76.98
"406","1104820828","21093","MD","Lutherville Timonium","General",0,NA,39.44,-76.64
"37","1215941240","21204","MD","Towson","General",0,NA,39.4,-76.63
"201","1639281736","21227","MD","Halethorpe","General",1,9,39.24,-76.67
"142","1760656540","21401","MD","Annapolis","General",0,NA,38.99,-76.54
"700","1083935779","21804","MD","Salisbury","Pediatrics",1,34,38.35,-75.53
"364","1003871971","22031","VA","Fairfax","Facial Plastics",1,12,38.86,-77.26
"327","1730509290","22060","VA","Fort Belvoir","General",1,48,38.7,-77.16
"453","1114956430","22630","VA","Front Royal","General",1,52,38.9,-78.2
"813","1659349447","22827","VA","Elkton","General",0,NA,38.4,-78.6
"676","1932173408","22939","VA","Fishersville","General",1,33,38.1,-78.97
"723","1003313578","23233","VA","Henrico","General",1,4,37.65,-77.62
"824","1699743773","23236","VA","Richmond","General",1,8,37.47,-77.59
"476","1801863162","23306","VA","Belle Haven","General",1,19,37.58,-75.87
"424","1053466631","23606","VA","Newport News","General",1,42,37.07,-76.49
"97","1376510073","24060","VA","Blacksburg","Facial Plastics",0,NA,37.3,-80.4
"355","1942439096","24141","VA","Radford","General",1,63,37.1,-80.6
"113","1942384433","24210","VA","Abingdon","General",1,51,36.8,-82
"367","1790747889","24333","VA","Galax","General",1,19,36.7,-80.9
"707","1063484863","24541","VA","Danville","General",0,NA,36.6,-79.5
"200","1528008026","24541","VA","Danville","General",1,69,36.6,-79.5
"220","1487758660","24641","VA","Richlands","General",1,12,37.11,-81.8
"124","1215066873","25550","WV","Point Pleasant","General",0,NA,38.86,-82.07
"95","1487858775","26241","WV","Elkins","General",0,NA,38.9,-79.8
"178","1497847651","26330","WV","Bridgeport","General",0,NA,39.3,-80.2
"25","1306804869","27030","NC","Mount Airy","Facial Plastics",0,NA,36.5,-80.6
"98","1508210923","27514","NC","Chapel Hill","Otology/neurotology",0,NA,35.97,-79.04
"16","1982631768","27534","NC","Goldsboro","Facial Plastics",0,NA,35.4,-77.9
"740","1255396198","27536","NC","Henderson","General",0,NA,36.33,-78.41
"314","1679890917","27565","NC","Oxford","General",1,24,36.3,-78.6
"214","1851364509","27607","NC","Raleigh","Head and Neck Cancer",0,NA,35.81,-78.71
"711","1801805080","27607","NC","Raleigh","Head and Neck Cancer",0,NA,35.81,-78.71
"182","1710323704","27610","NC","Raleigh","Head and Neck Cancer",1,4,35.7,-78.5
"718","1649258617","27959","NC","Nags Head","General",1,19,35.9,-75.6
"290","1023094026","28001","NC","Albemarle","General",1,1,35.3,-80.2
"222","1871573394","28139","NC","Rutherfordton","General",0,NA,35.3,-82
"598","1245262096","28277","NC","Charlotte","General",1,14,35.05,-80.81
"422","1982736427","28352","NC","Laurinburg","General",1,15,34.8,-79.5
"225","1245215904","28501","NC","Kinston","General",0,NA,35.3,-77.5
"665","1184794646","28501","NC","Kinston","General",0,NA,35.3,-77.5
"674","1083784557","28501","NC","Kinston","General",0,NA,35.3,-77.5
"371","1184663981","28562","NC","New Bern","General",1,6,35.1,-77.1
"132","1417919044","28562","NC","New Bern","General",1,8,35.1,-77.1
"478","1811281942","28562","NC","New Bern","General",1,1,35.1,-77.1
"442","1649400938","28562","NC","New Bern","General",1,1,35.1,-77.1
"70","1043770522","28562","NC","New Bern","General",1,10,35.1,-77.1
"846","1992744791","28562","NC","New Bern","General",0,NA,35.1,-77.1
"818","1699905315","28607","NC","Boone","General",1,5,36.2,-81.6
"741","1881686434","28677","NC","Statesville","General",0,NA,35.7,-80.9
"9","1609868132","28677","NC","Statesville","General",1,3,35.7,-80.9
"45","1831406933","28677","NC","Statesville","General",1,7,35.7,-80.9
"639","1255322681","28677","NC","Statesville","General",1,2,35.7,-80.9
"3","1194244012","28717","NC","Cashiers","General",0,NA,35.08,-83.1
"340","1891897021","28803","NC","Asheville","General",0,NA,35.54,-82.52
"104","1073958989","29078","SC","Lugoff","General",1,3,34.2,-80.7
"179","1447293121","29078","SC","Lugoff","Pediatrics",1,2,34.2,-80.7
"244","1447513643","29078","SC","Lugoff","General",1,12,34.2,-80.7
"765","1740215904","29078","SC","Lugoff","General",1,1,34.2,-80.7
"778","1841450962","29078","SC","Lugoff","General",1,1,34.2,-80.7
"173","1710065271","29169","SC","West Columbia","General",1,7,33.99,-81.1
"87","1649230632","29203","SC","Columbia","Facial Plastics",0,NA,34.09,-81.04
"62","1528447281","29303","SC","Spartanburg","General",1,4,35,-81.98
"218","1376500504","29414","SC","Charleston","General",1,1,32.84,-80.11
"632","1104873017","29440","SC","Georgetown","General",0,NA,33.4,-79.4
"79","1821172560","29646","SC","Greenwood","General",1,26,34.1,-82.1
"212","1942302328","30012","GA","Conyers","General",1,12,33.72,-84.01
"138","1871601229","30046","GA","Lawrenceville","General",0,NA,33.95,-84
"413","1245272806","30117","GA","Carrollton","General",1,4,33.6,-85.1
"397","1407201486","30117","GA","Carrollton","General",1,4,33.6,-85.1
"642","1538148499","30204","GA","Barnesville","General",1,18,33.1,-84.1
"51","1689657892","30224","GA","Griffin","Sleep",1,23,33.2,-84.2
"228","1598861692","30240","GA","LaGrange","General",0,NA,33,-85.1
"319","1801822978","30240","GA","LaGrange","Facial Plastics",0,NA,33,-85.1
"365","1043341043","30240","GA","LaGrange","General",0,NA,33,-85.1
"263","1104937861","30322","GA","Atlanta","General",1,7,33.792,-84.323
"459","1952568370","30338","GA","Atlanta","Facial Plastics",0,NA,33.94,-84.32
"141","1093887820","30474","GA","Vidalia","General",0,NA,32.2,-82.4
"53","1366534851","30501","GA","Gainesville","Facial Plastics",0,NA,34.32,-83.81
"821","1679503833","30535","GA","Demorest","General",0,NA,34.59,-83.57
"328","1174743918","31021","GA","Dublin","General",1,23,32.5,-82.9
"202","1649450586","31061","GA","Milledgeville","General",0,NA,33.1,-83.2
"458","1154364370","31201","GA","Macon","General",1,10,32.81,-83.62
"209","1619917838","31768","GA","Moultrie","General",1,10,31.2,-83.8
"335","1386656593","31792","GA","Thomasville","General",1,44,30.8,-84.1
"769","1437251410","31792","GA","Thomasville","General",1,22,30.8,-84.1
"296","1366553349","31792","GA","Thomasville","General",1,6,30.8,-84.1
"596","1730183096","32224","FL","Jacksonville","General",0,NA,30.29,-81.47
"226","1679516215","32405","FL","Panama City","General",1,6,30.2,-85.67
"128","1396791638","32446","FL","Marianna","General",1,4,30.9,-85.2
"313","1407831191","32504","FL","Pensacola","General",1,9,30.48,-87.2
"250","1861581399","32608","FL","Gainesville","Head and Neck Cancer",0,NA,29.59,-82.4
"19","1265752406","32608","FL","Gainesville","General",0,NA,29.59,-82.4
"719","1659332732","32763","FL","Orange City","General",1,8,28.94,-81.3
"380","1578957486","33021","FL","Hollywood","Pediatrics",1,18,26.02,-80.19
"145","1174549224","33136","FL","Miami","Head and Neck Cancer",0,NA,25.79,-80.21
"679","1942610761","33136","FL","Miami","Facial Plastics",1,2,25.79,-80.21
"599","1710903588","33136","FL","Miami","Otology/neurotology",0,NA,25.79,-80.21
"744","1407072499","33155","FL","Miami","Pediatrics",1,9,25.74,-80.31
"697","1891144911","33156","FL","Miami","Facial Plastics",1,6,25.66,-80.29
"655","1932309754","33196","FL","Miami","General",1,6,25.6,-80.6
"152","1356658595","33411","FL","West Palm Beach","General",0,NA,26.71,-80.2
"280","1619276102","33483","FL","Delray Beach","Facial Plastics",1,127,26.46,-80.06
"193","1730114380","33612","FL","Tampa","Otology/neurotology",1,5,28.05,-82.45
"686","1841218179","33881","FL","Winter Haven","General",1,4,28.06,-81.71
"826","1063442606","33952","FL","Port Charlotte","General",1,52,26.99,-82.09
"383","1831412295","34102","FL","Naples","General",0,NA,26.13,-81.8
"772","1417967449","34239","FL","Sarasota","Facial Plastics",0,NA,27.31,-82.52
"300","1427057397","34452","FL","Inverness","General",0,NA,28.8,-82.4
"839","1396895835","34471","FL","Ocala","General",0,NA,29.15,-82.12
"292","1073545034","34683","FL","Palm Harbor","Otology/neurotology",1,41,28.09,-82.77
"43","1356305940","35010","AL","Alexander City","Sleep",1,2,32.9,-85.9
"66","1063690311","35233","AL","Birmingham","General",0,NA,33.51,-86.8
"223","1215076807","35233","AL","Birmingham","Rhinology",1,6,33.51,-86.8
"479","1568556280","35242","AL","Birmingham","Pediatrics",1,36,33.4,-86.7
"291","1558398412","35406","AL","Tuscaloosa","General",0,NA,33.3,-87.5
"683","1811190804","35501","AL","Jasper","General",1,15,33.8,-87.3
"119","1407957129","35660","AL","Sheffield","General",1,75,34.76,-87.7
"454","1710090899","35957","AL","Boaz","General",1,9,34.2,-86.2
"361","1295848471","35976","AL","Guntersville","General",1,7,34.3,-86.3
"176","1740268259","36330","AL","Enterprise","General",1,14,31.3,-85.9
"427","1023096427","36330","AL","Enterprise","General",0,NA,31.3,-85.9
"417","1447644570","36535","AL","Foley","Sleep",0,NA,30.4,-87.7
"254","1366445223","36606","AL","Mobile","General",0,NA,30.67,-88.1
"609","1144227778","37055","TN","Dickson","General",0,NA,36.1,-87.4
"699","1376571604","37129","TN","Murfreesboro","Laryngology",1,7,35.9,-86.5
"131","1497165070","37343","TN","Hixson","General",1,11,35.17,-85.21
"845","1740285063","37388","TN","Tullahoma","Facial Plastics",1,13,35.3,-86.2
"808","1033101878","37398","TN","Winchester","Facial Plastics",1,5,35.2,-86.2
"444","1306849500","37604","TN","Johnson City","Facial Plastics",0,NA,36.3,-82.38
"69","1780632141","37745","TN","Greeneville","General",0,NA,36.3,-82.8
"840","1184708455","37849","TN","Powell","General",1,1,36.07,-84.05
"231","1649579996","37916","TN","Knoxville","General",1,5,35.95,-83.93
"318","1669421814","38401","TN","Columbia","Sleep",0,NA,35.7,-87
"266","1811999006","38583","TN","Sparta","Facial Plastics",0,NA,35.9,-85.5
"716","1235155979","38652","MS","New Albany","General",1,1,34.5,-89
"236","1700851615","38655","MS","Oxford","General",1,1,34.3,-89.5
"74","1497975106","38655","MS","Oxford","General",1,4,34.3,-89.5
"595","1649245549","38655","MS","Oxford","General",1,9,34.3,-89.5
"791","1679688113","38801","MS","Tupelo","General",1,20,34.23,-88.77
"363","1598776338","38801","MS","Tupelo","Otology/neurotology",1,1,34.23,-88.77
"796","1811968746","39216","MS","Jackson","Facial Plastics",1,23,32.33,-90.16
"240","1821182080","39232","MS","Flowood","Facial Plastics",1,27,32.33,-90.09
"774","1700966090","39648","MS","McComb","Facial Plastics",1,4,31.2,-90.4
"81","1710026034","39705","MS","Columbus","General",1,16,33.6,-88.4
"455","1376804369","39705","MS","Columbus","General",1,20,33.6,-88.4
"517","1104952225","39705","MS","Columbus","General",1,5,33.6,-88.4
"91","1992153076","40202","KY","Louisville","Head and Neck Cancer",0,NA,38.25,-85.75
"357","1508846528","40202","KY","Louisville","Head and Neck Cancer",0,NA,38.25,-85.75
"695","1750388286","40220","KY","Louisville","Head and Neck Cancer",1,9,38.22,-85.62
"624","1215987144","40324","KY","Georgetown","Sleep",1,10,38.3,-84.6
"339","1902339914","40391","KY","Winchester","General",1,1,38,-84.2
"374","1134230709","40422","KY","Danville","General",0,NA,37.6,-84.8
"181","1861646374","40422","KY","Danville","General",0,NA,37.6,-84.8
"513","1811957558","40422","KY","Danville","General",1,5,37.6,-84.8
"325","1467412007","40422","KY","Danville","General",1,24,37.6,-84.8
"817","1871593996","40513","KY","Lexington","General",0,NA,38.01,-84.61
"279","1568651990","41017","OH","Ft Mitchell","Facial Plastics",1,11,39.02,-84.56
"670","1174786115","41653","KY","Prestonsburg","General",1,17,37.7,-82.8
"672","1811959661","42066","KY","Mayfield","Facial Plastics",0,NA,36.7,-88.6
"784","1730125857","42101","KY","Bowling Green","General",1,2,37,-86.5
"396","1295771582","42141","KY","Glasgow","General",1,25,36.9,-85.9
"257","1841415049","43016","OH","Dublin","Facial Plastics",0,NA,40.1,-83.14
"267","1063483857","43130","OH","Lancaster","General",1,11,39.7,-82.6
"636","1740353879","43130","OH","Lancaster","General",1,3,39.7,-82.6
"369","1750642823","43210","OH","Columbus","General",0,NA,40.01,-83.02
"752","1083648539","43210","OH","Columbus","Head and Neck Cancer",1,21,40.01,-83.02
"88","1013967371","43302","OH","Marion","General",0,NA,40.6,-83.1
"823","1154385805","43506","OH","Bryan","General",0,NA,41.5,-84.5
"170","1790786671","43623","OH","Toledo","General",1,34,41.71,-83.66
"156","1215096854","43701","OH","Zanesville","Sleep",1,2,40,-82
"443","1053818336","43701","OH","Zanesville","General",1,14,40,-82
"333","1265449961","44004","OH","Ashtabula","General",0,NA,41.9,-80.8
"294","1477741783","44106","OH","Cleveland","Pediatrics",0,NA,41.51,-81.6
"734","1841291507","44256","OH","Medina","General",0,NA,41.1,-81.9
"29","1487644100","44320","OH","Akron","General",1,1,41.08,-81.58
"372","1497758643","44408","OH","Columbiana","General",1,13,40.9,-80.7
"747","1598869216","44691","OH","Wooster","General",1,4,40.8,-82
"445","1396805362","44691","OH","Wooster","General",1,15,40.8,-82
"94","1851502140","45219","OH","Cincinnati","General",1,1,39.13,-84.51
"439","1902049687","45219","OH","Cincinnati","Rhinology",1,1,39.13,-84.51
"42","1194997015","45219","OH","Cincinnati","Facial Plastics",0,NA,39.13,-84.51
"238","1720407133","45229","OH","Cincinnati","Pediatrics",1,21,39.15,-84.49
"430","1811242704","45229","OH","Cincinnati","Pediatrics",0,NA,39.15,-84.49
"468","1811317290","45229","OH","Cincinnati","Pediatrics",0,NA,39.15,-84.49
"614","1891715405","45229","OH","Cincinnati","Pediatrics",1,6,39.15,-84.49
"185","1811952658","45365","OH","Sidney","General",1,45,40.3,-84.2
"123","1326019613","45373","OH","Troy","General",0,NA,40,-84.2
"516","1891765103","45402","OH","Dayton","General",0,NA,39.76,-84.21
"616","1437163987","45601","OH","Chillicothe","General",1,0,39.3,-83
"617","1154737443","45601","OH","Chillicothe","General",1,9,39.3,-83
"515","1386640662","45631","OH","Gallipolis","General",0,NA,38.8,-82.3
"34","1023052107","45631","OH","Gallipolis","General",0,NA,38.8,-82.3
"623","1881666287","45631","OH","Gallipolis","General",1,1,38.8,-82.3
"221","1700821907","45662","OH","Portsmouth","General",1,21,38.79,-82.92
"722","1003803834","45840","OH","Findlay","General",0,NA,41,-83.7
"144","1538301163","45840","OH","Findlay","General",0,NA,41,-83.7
"664","1508814740","46032","IN","Carmel","General",1,19,39.97,-86.18
"133","1790770097","46052","IN","Lebanon","General",1,16,40,-86.5
"322","1326365024","46052","IN","Lebanon","Facial Plastics",1,19,40,-86.5
"377","1710019609","46176","IN","Shelbyville","Facial Plastics",0,NA,39.5,-85.8
"659","1013941558","46202","IN","Indianapolis","Pediatrics",1,19,39.79,-86.15
"17","1376905877","46202","IN","Indianapolis","Otology/neurotology",0,NA,39.79,-86.15
"620","1275709958","46202","IN","Indianapolis","Otology/neurotology",0,NA,39.79,-86.15
"359","1689731937","46237","IN","Indianapolis","General",1,10,39.68,-86.09
"600","1639279854","46237","IN","Indianapolis","General",1,22,39.68,-86.09
"460","1083675011","46635","IN","South Bend","Sleep",0,NA,41.72,-86.21
"832","1679565501","46714","IN","Bluffton","General",0,NA,40.7,-85.2
"648","1891792149","47201","IN","Columbus","General",1,45,39.2,-86
"4","1992735583","47250","IN","Madison","General",1,20,38.8,-85.4
"787","1215939467","47374","IN","Richmond","General",0,NA,39.8,-84.9
"738","1720425192","47546","IN","Jasper","General",1,21,38.4,-86.9
"93","1326097619","47546","IN","Jasper","Facial Plastics",0,NA,38.4,-86.9
"147","1336463272","47591","IN","Vincennes","General",1,60,38.6,-87.5
"838","1760918080","47710","IN","Evansville","Otology/neurotology",0,NA,38.02,-87.58
"732","1124135967","47807","IN","Terre Haute","General",1,7,39.47,-87.41
"392","1548239502","47904","IN","Lafayette","General",0,NA,40.44,-86.88
"334","1710074588","48109","MI","Ann Arbor","General",0,NA,42.28,-83.72
"450","1174759815","48201","MI","Detroit","Pediatrics",1,16,42.35,-83.06
"388","1386008084","48202","MI","Detroit","Rhinology",1,63,42.38,-83.08
"27","1255322129","48314","MI","Sterling Heights","General",1,34,42.61,-83.05
"5","1134169014","48322","MI","West Bloomfield","General",0,NA,42.54,-83.38
"35","1205290137","48823","MI","East Lansing","Laryngology",1,13,42.76,-84.44
"835","1568423986","48858","MI","Mount Pleasant","General",1,160,43.6,-84.8
"285","1417977570","49068","MI","Marshall","General",1,38,42.3,-84.9
"288","1326056003","49221","MI","Adrian","General",1,12,41.9,-84.1
"399","1902059504","49423","MI","Holland","General",1,1,42.7,-86.1
"249","1710906425","49770","MI","Petoskey","General",0,NA,45.3,-84.9
"12","1629010343","49855","MI","Marquette","General",0,NA,46.6,-87.3
"341","1790132504","49855","MI","Marquette","General",0,NA,46.6,-87.3
"237","1891768651","49862","MI","Munising","General",0,NA,46.4,-86.6
"475","1902864903","50219","IA","Pella","General",0,NA,41.4,-92.9
"106","1932195997","50266","IA","West des Moines","General",1,7,41.56,-93.81
"491","1669586251","50325","IA","Clive","General",1,12,41.62,-93.79
"421","1083609317","50401","IA","Mason City","Sleep",0,NA,43.1,-93.2
"802","1336599679","50401","IA","Mason City","General",1,17,43.1,-93.2
"235","1649224411","50801","IA","Creston","General",0,NA,41.1,-94.4
"836","1356451421","51041","IA","Orange City","General",0,NA,43,-96.1
"385","1225158819","51301","IA","Spencer","General",0,NA,43.1,-95.2
"275","1528057387","51401","IA","Carroll","General",0,NA,42.1,-94.9
"681","1063738342","52001","IA","Dubuque","General",1,14,42.56,-90.69
"811","1730183104","52101","IA","Decorah","General",1,53,43.3,-91.8
"110","1245449701","52242","IA","Iowa City","Facial Plastics",1,39,41.66,-91.55
"293","1326031709","52242","IA","Iowa City","General",1,19,41.66,-91.55
"172","1417183351","52245","IA","Iowa City","General",1,10,41.67,-91.51
"349","1427082346","52577","IA","Oskaloosa","General",0,NA,41.3,-92.7
"295","1588634414","52655","IA","West Burlington","General",1,8,40.85,-91.21
"757","1780679795","53027","WI","Hartford","General",1,20,43.3,-88.4
"621","1528563442","53081","WI","Sheboygan","General",1,32,43.76,-87.71
"326","1134375124","53095","WI","West Bend","General",1,54,43.4,-88.2
"230","1326369901","53121","WI","Elkhorn","General",1,13,42.7,-88.5
"11","1427391283","53188","WI","Waukesha","General",1,13,43.03,-88.29
"191","1376554832","53220","WI","Milwaukee","General",1,13,42.96,-87.99
"754","1407816119","53226","WI","Milwaukee","Pediatrics",0,NA,43.05,-88.04
"678","1497708143","53226","WI","Milwaukee","Facial Plastics",1,57,43.05,-88.04
"748","1306844949","53538","WI","Fort Atkinson","General",1,5,42.8,-88.9
"304","1588685077","53538","WI","Fort Atkinson","General",1,13,42.8,-88.9
"436","1730273566","53566","WI","Monroe","General",1,46,42.6,-89.6
"737","1346478633","53792","WI","Madison","Pediatrics",1,73,43.07,-89.38
"825","1609856012","54024","WI","Saint Croix Falls","General",0,NA,45.5,-92.7
"834","1508083692","54143","WI","Marinette","General",1,1,45.1,-87.7
"390","1215994363","54449","WI","Marshfield","General",0,NA,44.6,-90.2
"610","1063523207","54449","WI","Marshfield","General",1,24,44.6,-90.2
"704","1265877666","54449","WI","Marshfield","Head and Neck Cancer",0,NA,44.6,-90.2
"760","1235289919","54481","WI","Stevens Point","General",1,19,44.5,-89.6
"157","1881722239","54481","WI","Stevens Point","General",1,21,44.5,-89.6
"270","1558899013","54703","WI","Eau Claire","General",1,11,44.8,-91.5
"641","1275694648","54806","WI","Ashland","General",0,NA,46.8,-90.9
"736","1457339996","55051","MN","Mora","Sleep",1,44,45.9,-93.3
"311","1184684839","55060","MN","Owatonna","General",1,11,44,-93.2
"356","1598732836","55066","MN","Red Wing","Pediatrics",1,48,44.5,-92.5
"199","1093212011","55125","MN","Saint Paul","General",1,9,44.92,-92.94
"469","1295771558","55125","MN","Saint Paul","General",1,15,44.92,-92.94
"118","1649590076","55313","MN","Buffalo","General",0,NA,45.2,-93.8
"33","1548264435","55404","MN","Minneapolis","Pediatrics",1,1,44.96,-93.26
"489","1639242944","55416","MN","Minneapolis","General",1,14,44.95,-93.34
"242","1790770196","55439","MN","Minneapolis","Facial Plastics",0,NA,44.87,-93.37
"348","1417912015","55454","MN","Minneapolis","General",0,NA,44.97,-93.24
"143","1568495422","55792","MN","Virginia","General",0,NA,47.6,-92.5
"731","1164431888","55905","MN","Rochester","General",0,NA,44,-92.4
"500","1003227489","55905","MN","Rochester","Head and Neck Cancer",0,NA,44,-92.4
"423","1033404082","56007","MN","Albert Lea","General",1,27,43.7,-93.3
"519","1396963922","56201","MN","Willmar","Sleep",1,13,45.1,-95
"763","1083680458","56201","MN","Willmar","General",1,28,45.1,-95
"137","1972564987","56303","MN","Saint Cloud","Facial Plastics",0,NA,45.58,-94.21
"14","1740240258","56303","MN","Saint Cloud","General",0,NA,45.58,-94.21
"745","1568440717","56425","MN","Baxter","Facial Plastics",1,9,46.34,-94.27
"150","1801886445","56537","MN","Fergus Falls","General",1,26,46.3,-96.1
"837","1649245838","56601","MN","Bemidji","General",0,NA,47.5,-94.8
"449","1932136173","57078","SD","Yankton","General",1,5,42.9,-97.4
"126","1528039765","57401","SD","Aberdeen","General",1,16,45.5,-98.5
"229","1639256688","59270","MT","Sidney","Otology/neurotology",0,NA,47.6,-104.3
"46","1427142231","59701","MT","Butte","Facial Plastics",0,NA,46.1,-112.4
"428","1487818944","59901","MT","Kalispell","General",1,17,48.1,-113.8
"634","1700837523","59901","MT","Kalispell","General",0,NA,48.1,-113.8
"345","1730148156","59901","MT","Kalispell","Otology/neurotology",1,4,48.1,-113.8
"675","1740231810","60126","IL","Elmhurst","General",1,4,41.89,-87.94
"40","1336535657","60134","IL","Geneva","General",1,75,41.89,-88.31
"812","1285808246","60134","IL","Geneva","Facial Plastics",1,53,41.89,-88.31
"743","1770565947","60521","IL","Hinsdale","Otology/neurotology",1,6,41.8,-87.93
"161","1659581262","60611","IL","Chicago","Pediatrics",1,48,41.91,-87.61
"159","1114005600","60611","IL","Chicago","Facial Plastics",1,3,41.91,-87.61
"155","1033149992","60611","IL","Chicago","General",1,16,41.91,-87.61
"640","1922492164","60611","IL","Chicago","Laryngology",1,41,41.91,-87.61
"605","1669899803","60612","IL","Chicago","Facial Plastics",1,26,41.88,-87.69
"446","1598983371","60936","IL","Gibson City","General",1,49,40.5,-88.3
"708","1245300821","61032","IL","Freeport","General",0,NA,42.3,-89.6
"804","1003998550","61081","IL","Sterling","General",1,53,41.8,-89.7
"684","1891760385","61081","IL","Sterling","Facial Plastics",1,8,41.8,-89.7
"239","1669452934","61107","IL","Rockford","General",1,83,42.28,-89.01
"842","1063636041","61938","IL","Mattoon","General",0,NA,39.5,-88.4
"167","1740259043","62040","IL","Granite City","General",1,29,38.73,-90.12
"331","1942203617","62226","IL","Belleville","General",1,11,38.52,-90
"775","1528028214","62301","IL","Quincy","General",1,20,39.93,-91.39
"197","1417117854","62301","IL","Quincy","General",1,21,39.93,-91.39
"352","1841552411","62301","IL","Quincy","General",1,60,39.93,-91.39
"742","1144260639","62301","IL","Quincy","General",0,NA,39.93,-91.39
"693","1225106420","62301","IL","Quincy","General",1,15,39.93,-91.39
"635","1811950264","62301","IL","Quincy","General",1,28,39.93,-91.39
"730","1932185329","62301","IL","Quincy","General",1,1,39.93,-91.39
"495","1609862200","62701","IL","Springfield","General",0,NA,39.801,-89.65
"101","1386739670","62948","IL","Herrin","General",1,NA,37.82,-89.03
"160","1417959479","63017","MO","Chesterfield","General",0,NA,38.67,-90.53
"102","1942271689","63026","MO","Fenton","General",0,NA,38.5,-90.46
"121","1558352443","63090","MO","Washington","General",0,NA,38.5,-91
"465","1235492372","63141","MO","Saint Louis","Otology/neurotology",1,59,38.65,-90.45
"60","1295750586","63376","MO","Saint Peters","General",0,NA,38.8,-90.63
"768","1053571794","63901","MO","Poplar Bluff","General",1,52,36.7,-90.5
"816","1942312921","63901","MO","Poplar Bluff","General",0,NA,36.7,-90.5
"215","1013980614","64064","MO","Lees Summit","Facial Plastics",1,1,38.99,-94.32
"827","1972681880","64865","MO","Seneca","General",0,NA,36.8,-94.6
"646","1932171352","65201","MO","Columbia","General",1,14,38.9,-92.2
"205","1619920097","65203","MO","Columbia","General",1,14,38.9,-92.4
"32","1497749485","65270","MO","Moberly","General",0,NA,39.4,-92.4
"343","1134319858","65401","MO","Rolla","General",0,NA,37.9,-91.8
"663","1912930777","65401","MO","Rolla","General",1,14,37.9,-91.8
"269","1598804825","65616","MO","Branson","General",1,56,36.7,-93.2
"815","1538246723","65804","MO","Springfield","General",1,11,37.15,-93.25
"814","1609951367","67042","KS","El Dorado","General",0,NA,37.8,-96.8
"259","1063417012","67114","KS","Newton","General",0,NA,38.1,-97.2
"192","1194727453","67206","KS","Wichita","Otology/neurotology",0,NA,37.7,-97.22
"798","1215972724","67206","KS","Wichita","General",1,4,37.7,-97.22
"307","1275756132","67226","KS","Wichita","General",1,2,37.78,-97.22
"13","1629043807","67401","KS","Salina","General",1,14,38.9,-97.6
"310","1669452603","67502","KS","Hutchinson","General",1,3,38.1,-97.9
"407","1972828713","67502","KS","Hutchinson","General",1,5,38.1,-97.9
"130","1730160854","68114","NE","Omaha","Otology/neurotology",0,NA,41.26,-96.05
"601","1316934029","68601","NE","Columbus","General",1,1,41.5,-97.4
"706","1124548631","68601","NE","Columbus","General",1,3,41.5,-97.4
"284","1487608246","68601","NE","Columbus","Facial Plastics",1,10,41.5,-97.4
"8","1922333954","68803","NE","Grand Island","General",0,NA,40.9,-98.4
"795","1700327954","68845","NE","Kearney","General",1,31,40.7,-99.2
"647","1669462305","68845","NE","Kearney","General",0,NA,40.7,-99.2
"283","1790762110","68901","NE","Hastings","General",1,20,40.6,-98.4
"65","1588742001","69101","NE","North Platte","General",0,NA,41.1,-100.8
"224","1871585281","69101","NE","North Platte","General",1,14,41.1,-100.8
"471","1831113687","69361","NE","Scottsbluff","General",0,NA,42,-103.7
"247","1265968911","70112","LA","New Orleans","Facial Plastics",1,44,29.96,-90.08
"766","1447574470","70112","LA","New Orleans","Facial Plastics",1,18,29.96,-90.08
"602","1609057934","70121","LA","New Orleans","Facial Plastics",0,NA,29.96,-90.16
"447","1477550499","70510","LA","Abbeville","Sleep",0,NA,29.9,-92.3
"90","1902888019","70526","LA","Crowley","General",1,54,30.2,-92.4
"219","1396742235","70535","LA","Eunice","Pediatrics",1,3,30.5,-92.4
"416","1154581882","70535","LA","Eunice","Pediatrics",0,NA,30.5,-92.4
"785","1497709307","70560","LA","New Iberia","General",1,3,29.9,-91.9
"714","1235271479","70560","LA","New Iberia","General",0,NA,29.9,-91.9
"425","1962498683","70560","LA","New Iberia","General",0,NA,29.9,-91.9
"615","1548255722","70808","LA","Baton Rouge","General",1,0,30.43,-91.16
"393","1114226925","70810","LA","Baton Rouge","General",1,1,30.35,-91.07
"107","1073959508","71103","LA","Shreveport","Rhinology",0,NA,32.49,-93.78
"321","1598764102","71446","LA","Leesville","General",0,NA,31.1,-93.2
"271","1427019389","71446","LA","Leesville","General",1,3,31.1,-93.2
"669","1447226477","71603","AR","Pine Bluff","General",0,NA,34.1,-92.1
"597","1992771174","71603","AR","Pine Bluff","General",1,8,34.1,-92.1
"618","1679861330","71603","AR","Pine Bluff","General",1,5,34.1,-92.1
"807","1376623165","72034","AR","Conway","General",1,36,35.05,-92.5
"276","1124097209","72501","AR","Batesville","General",1,16,35.8,-91.7
"762","1619910551","72601","AR","Harrison","General",0,NA,36.2,-93.1
"261","1629077896","72653","AR","Mountain Home","General",0,NA,36.3,-92.4
"619","1013985969","72801","AR","Russellville","General",1,100,35.28,-93.14
"187","1528021912","73102","OK","Oklahoma City","General",0,NA,35.47,-97.52
"660","1699721977","73533","OK","Duncan","General",1,33,34.5,-97.9
"6","1144241704","74006","OK","Bartlesville","General",1,32,36.7,-95.9
"391","1962457697","74006","OK","Bartlesville","General",1,34,36.7,-95.9
"608","1740415124","74074","OK","Stillwater","Pediatrics",1,5,36.1,-97.1
"297","1144236696","74401","OK","Muskogee","General",0,NA,35.7,-95.5
"638","1710030473","75035","TX","Frisco","General",1,15,33.16,-96.77
"480","1164449666","75110","TX","Corsicana","General",1,7,32.1,-96.5
"158","1336124130","75119","TX","Ennis","General",0,NA,32.4,-96.6
"657","1346484318","75246","TX","Dallas","Laryngology",1,32,32.793,-96.773
"677","1972038255","75390","TX","Dallas","Rhinology",1,63,32.79,-96.8
"198","1871525709","75401","TX","Greenville","General",1,12,33.2,-96.1
"786","1770515017","75401","TX","Greenville","General",0,NA,33.2,-96.1
"135","1720003569","75401","TX","Greenville","General",1,17,33.2,-96.1
"194","1457354367","75460","TX","Paris","General",1,4,33.6,-95.6
"651","1952484784","75460","TX","Paris","General",1,8,33.6,-95.6
"512","1902820970","75482","TX","Sulphur Springs","General",1,55,33.2,-95.6
"779","1649269119","75703","TX","Tyler","General",1,1,32.2,-95.3
"108","1285609883","75703","TX","Tyler","General",0,NA,32.2,-95.3
"379","1013067982","75751","TX","Athens","General",1,41,32.1,-95.9
"384","1326088469","75904","TX","Lufkin","General",1,11,31.4,-94.8
"82","1982099040","75965","TX","Nacogdoches","General",1,37,31.7,-94.6
"26","1295786135","76033","TX","Cleburne","General",1,22,32.3,-97.5
"463","1942308119","76104","TX","Fort Worth","General",1,21,32.73,-97.32
"780","1306824578","76310","TX","Wichita Falls","General",1,14,33.8,-98.5
"592","1073824983","76310","TX","Wichita Falls","General",1,2,33.8,-98.5
"241","1871698308","76401","TX","Stephenville","General",0,NA,32.3,-98.1
"71","1790724839","76528","TX","Gatesville","General",1,30,31.4,-97.8
"612","1215173539","76544","TX","Fort Hood","Facial Plastics",0,NA,31.2,-97.7
"277","1730568502","77006","TX","Houston","General",1,1,29.74,-95.39
"412","1215370036","77014","TX","Houston","General",1,49,29.99,-95.46
"750","1013193895","77024","TX","Houston","Facial Plastics",1,10,29.77,-95.5
"631","1033344387","77030","TX","Houston","Head and Neck Cancer",1,24,29.71,-95.41
"375","1497702419","77030","TX","Houston","Head and Neck Cancer",1,0,29.71,-95.41
"100","1770755308","77030","TX","Houston","Facial Plastics",1,4,29.71,-95.41
"509","1841383486","77030","TX","Houston","Facial Plastics",1,13,29.71,-95.41
"434","1548255805","77030","TX","Houston","Pediatrics",1,3,29.71,-95.41
"360","1336126598","77064","TX","Houston","Otology/neurotology",0,NA,29.93,-95.54
"129","1508908971","77070","TX","Houston","General",1,1,29.98,-95.58
"210","1548277882","77384","TX","Conroe","General",0,NA,30.23,-95.5
"73","1588919633","77385","TX","Conroe","General",1,26,30.18,-95.4
"662","1164656633","77401","TX","Bellaire","Rhinology",1,37,29.71,-95.47
"7","1043695315","77401","TX","Bellaire","Head and Neck Cancer",0,NA,29.71,-95.47
"381","1740496496","77478","TX","Sugar Land","General",1,35,29.62,-95.61
"626","1972587129","77479","TX","Sugar Land","General",0,NA,29.56,-95.64
"848","1164593307","77598","TX","Webster","Head and Neck Cancer",1,21,29.55,-95.14
"127","1043327943","77630","TX","Orange","Facial Plastics",0,NA,30.1,-93.9
"168","1598763062","77640","TX","Port Arthur","General",0,NA,29.8,-94.1
"431","1871521567","78006","TX","Boerne","General",1,38,29.9,-98.7
"149","1790948156","78028","TX","Kerrville","General",0,NA,30.1,-99.2
"227","1033101902","78028","TX","Kerrville","General",1,10,30.1,-99.2
"151","1972737237","78155","TX","Seguin","General",1,18,29.6,-97.9
"208","1558522615","78207","TX","San Antonio","Pediatrics",1,47,29.42,-98.52
"440","1528069325","78229","TX","San Antonio","Sleep",1,56,29.51,-98.57
"80","1619966686","78230","TX","San Antonio","Facial Plastics",1,9,29.54,-98.56
"746","1437507167","78258","TX","San Antonio","Head and Neck Cancer",1,4,29.65,-98.51
"627","1487857660","78258","TX","San Antonio","Pediatrics",1,64,29.65,-98.51
"162","1437133055","78503","TX","McAllen","Sleep",1,115,26.15,-98.25
"451","1427354208","78624","TX","Fredericksburg","General",1,3,30.3,-98.9
"493","1083825467","78640","TX","Kyle","General",0,NA,30,-97.8
"409","1033107420","78654","TX","Marble Falls","Rhinology",1,3,30.6,-98.2
"188","1831120021","78746","TX","Austin","General",1,21,30.3,-97.81
"99","1235499534","79124","TX","Amarillo","General",1,NA,35.3,-102
"206","1942456967","79761","TX","Odessa","General",0,NA,31.85,-102.35
"689","1649354549","80003","CO","Arvada","General",1,13,39.83,-105.06
"10","1043313844","80045","CO","Aurora","Laryngology",1,63,39.75,-104.84
"136","1538219969","80113","CO","Englewood","Otology/neurotology",0,NA,39.64,-104.96
"429","1225457997","80204","CO","Denver","Laryngology",0,NA,39.74,-105.02
"216","1528065695","80487","CO","Steamboat Springs","General",0,NA,40.7,-106.9
"77","1700841145","80487","CO","Steamboat Springs","General",0,NA,40.7,-106.9
"317","1508973843","80701","CO","Fort Morgan","General",0,NA,40.2,-103.8
"86","1922171776","81212","CO","Canon City","General",0,NA,38.5,-105.4
"39","1831148352","81301","CO","Durango","General",1,56,37.4,-107.8
"55","1376692533","81601","CO","Glenwood Springs","General",0,NA,39.6,-107.3
"508","1750602660","81620","CO","Avon","General",1,48,39.63,-106.52
"690","1265418834","82604","WY","Casper","General",0,NA,43,-106.8
"721","1336139120","82716","WY","Gillette","General",1,12,44.6,-105.6
"481","1568443398","82801","WY","Sheridan","General",0,NA,44.8,-106.9
"358","1922184647","82801","WY","Sheridan","General",1,12,44.8,-106.9
"362","1407832728","82930","WY","Evanston","General",1,19,41.3,-110.8
"497","1245339456","83001","WY","Jackson","General",1,14,43.5,-110.5
"405","1619945938","83350","ID","Rupert","General",1,3,42.8,-113.6
"122","1386633824","83686","ID","Nampa","General",0,NA,43.5,-116.6
"494","1457706228","83704","ID","Boise","Otology/neurotology",1,11,43.63,-116.29
"680","1255596771","83712","ID","Boise","Pediatrics",1,18,43.63,-116.13
"828","1548265028","83854","ID","Post Falls","General",1,27,47.7,-116.9
"404","1275681686","84010","UT","Bountiful","General",1,3,40.89,-111.82
"703","1023094992","84041","UT","Layton","General",1,14,41.05,-112
"346","1780844431","84074","UT","Tooele","General",1,13,40.5,-112.3
"44","1144201690","84074","UT","Tooele","General",0,NA,40.5,-112.3
"387","1679666556","84102","UT","Salt Lake City","General",1,2,40.76,-111.86
"770","1942313796","84102","UT","Salt Lake City","General",1,0,40.76,-111.86
"21","1588674055","84341","UT","Logan","General",0,NA,41.78,-111.81
"336","1568680122","84501","UT","Price","General",1,16,39.6,-110.8
"650","1295793834","84720","UT","Cedar City","Sleep",1,15,37.8,-113.1
"788","1114990892","85704","AZ","Tucson","Pediatrics",1,23,32.34,-110.98
"63","1770531527","85712","AZ","Tucson","General",0,NA,32.24,-110.9
"268","1881745354","85741","AZ","Tucson","Facial Plastics",1,20,32.33,-111.05
"324","1578545208","86045","AZ","Tuba City","General",1,0,36.127,-111.222
"486","1609972322","86326","AZ","Cottonwood","General",0,NA,34.7,-112
"260","1063565075","87106","NM","Albuquerque","Facial Plastics",0,NA,35.06,-106.6
"401","1427003953","87301","NM","Gallup","General",0,NA,35.4,-108.6
"733","1134235385","87420","NM","Shiprock","General",0,NA,36.8,-108.7
"806","1528040268","88101","NM","Clovis","General",0,NA,34.5,-103.3
"415","1205892650","89052","NV","Henderson","General",0,NA,35.98,-115.1
"400","1972591899","89120","NV","Las Vegas","General",0,NA,36.08,-115.09
"767","1235352394","89120","NV","Las Vegas","Otology/neurotology",1,58,36.08,-115.09
"211","1629336128","89449","NV","Stateline","Facial Plastics",0,NA,38.96,-119.92
"190","1992880439","90048","CA","Los Angeles","Head and Neck Cancer",1,4,34.07,-118.38
"64","1114172442","90095","CA","Los Angeles","Rhinology",1,40,34.071,-118.443
"694","1316059348","90095","CA","Los Angeles","Facial Plastics",1,13,34.071,-118.443
"338","1730268251","90210","CA","Beverly Hills","General",1,0,34.1,-118.42
"793","1144472879","90212","CA","Beverly Hills","Facial Plastics",1,NA,34.06,-118.4
"661","1407387822","90292","CA","Marina del Rey","General",1,28,33.98,-118.45
"286","1194110700","90401","CA","Santa Monica","Facial Plastics",1,4,34.01,-118.5
"38","1285661363","90404","CA","Santa Monica","Pediatrics",0,NA,34.03,-118.47
"799","1912267691","90404","CA","Santa Monica","General",0,NA,34.03,-118.47
"809","1437198678","90720","CA","Los Alamitos","Facial Plastics",1,10,33.8,-118.06
"382","1003934258","91307","CA","West Hills","General",1,6,34.2,-118.69
"691","1245237833","91356","CA","Tarzana","Facial Plastics",0,NA,34.16,-118.55
"628","1639186075","91361","CA","Westlake Village","General",0,NA,34.1,-118.9
"213","1831331693","92009","CA","Carlsbad","Facial Plastics",1,2,33.1,-117.25
"496","1932289626","92037","CA","La Jolla","Otology/neurotology",0,NA,32.8,-117.2
"414","1881841971","92103","CA","San Diego","Rhinology",0,NA,32.75,-117.17
"109","1366590853","92103","CA","San Diego","Laryngology",0,NA,32.75,-117.17
"758","1174682777","92120","CA","San Diego","General",0,NA,32.8,-117.07
"844","1669543427","92123","CA","San Diego","Pediatrics",1,3,32.81,-117.14
"281","1942377767","92335","CA","Fontana","General",0,NA,34.09,-117.46
"258","1528593431","92592","CA","Temecula","General",1,5,33.5,-117
"323","1003913336","92653","CA","Laguna Hills","General",1,0,33.59,-117.71
"164","1649275637","92660","CA","Newport Beach","Facial Plastics",0,NA,33.64,-117.88
"499","1386833069","92660","CA","Newport Beach","Facial Plastics",1,5,33.64,-117.88
"72","1477552941","92868","CA","Orange","Pediatrics",1,16,33.79,-117.88
"803","1134116643","93003","CA","Ventura","General",1,11,34.27,-119.22
"376","1609823210","93105","CA","Santa Barbara","General",1,91,34.5,-119.8
"171","1477781193","93454","CA","Santa Maria","General",1,3,34.9,-120
"139","1154345494","93463","CA","Solvang","General",0,NA,34.6,-120.1
"603","1386604536","93720","CA","Fresno","General",1,14,36.86,-119.76
"797","1326044595","94022","CA","Los Altos","Facial Plastics",1,1,37.36,-122.15
"410","1992095830","94027","CA","Atherton","Rhinology",1,45,37.45,-122.2
"115","1154671089","94115","CA","San Francisco","Otology/neurotology",0,NA,37.79,-122.44
"781","1427435700","94118","CA","San Francisco","Facial Plastics",1,14,37.78,-122.46
"643","1841202033","94301","CA","Palo Alto","General",1,23,37.44,-122.15
"287","1376601245","94304","CA","Palo Alto","Otology/neurotology",0,NA,37.42,-122.16
"378","1417006362","94304","CA","Palo Alto","Pediatrics",1,82,37.42,-122.16
"204","1093863169","94305","CA","Stanford","Otology/neurotology",0,NA,37.42,-122.17
"169","1992741268","94538","CA","Fremont","General",0,NA,37.51,-121.99
"105","1043508872","94558","CA","Napa","General",0,NA,38.5,-122.3
"712","1801148242","94563","CA","Orinda","Facial Plastics",1,99,37.87,-122.19
"637","1376615195","94587","CA","Union City","General",1,2,37.6,-122
"418","1477797603","94588","CA","Pleasanton","Pediatrics",1,28,37.7,-121.9
"175","1629314265","94952","CA","Petaluma","General",0,NA,38.2,-122.8
"78","1801898796","95030","CA","Los Gatos","General",0,NA,37.23,-122
"24","1396823357","95070","CA","Saratoga","Facial Plastics",1,20,37.27,-122.05
"644","1164437471","95370","CA","Sonora","General",1,1,38,-120.4
"739","1689770364","95482","CA","Ukiah","General",0,NA,39.1,-123.3
"833","1194085324","95482","CA","Ukiah","General",0,NA,39.1,-123.3
"790","1962418806","95501","CA","Eureka","General",1,14,40.8,-124.14
"735","1366410763","95521","CA","Arcata","General",0,NA,40.8,-124.1
"843","1730522376","95602","CA","Auburn","General",0,NA,38.99,-121.1
"751","1760460414","95603","CA","Auburn","General",1,107,38.9,-121.1
"849","1710936976","95667","CA","Placerville","Facial Plastics",0,NA,38.8,-120.6
"671","1487757779","95667","CA","Placerville","General",1,9,38.8,-120.6
"633","1033181706","95667","CA","Placerville","Sleep",1,24,38.8,-120.6
"830","1487690749","96001","CA","Redding","General",1,83,40.6,-122.5
"518","1205927134","97031","OR","Hood River","Rhinology",1,14,45.6,-121.7
"498","1932127412","97058","OR","The Dalles","Rhinology",1,9,45.6,-121.2
"68","1902225709","97103","OR","Astoria","General",0,NA,46.1,-123.7
"389","1568466282","97128","OR","McMinnville","General",0,NA,45.2,-123.3
"368","1912912429","97239","OR","Portland","Head and Neck Cancer",1,85,45.49,-122.69
"783","1760542724","97420","OR","Coos Bay","General",1,13,43.4,-124.1
"61","1326024738","97420","OR","Coos Bay","Head and Neck Cancer",1,55,43.4,-124.1
"456","1528166287","97420","OR","Coos Bay","General",0,NA,43.4,-124.1
"702","1144273566","97471","OR","Roseburg","General",1,2,43.2,-123.5
"234","1619128246","97471","OR","Roseburg","General",0,NA,43.2,-123.5
"146","1982688099","97471","OR","Roseburg","General",0,NA,43.2,-123.5
"31","1710969175","97471","OR","Roseburg","General",0,NA,43.2,-123.5
"687","1467443515","97850","OR","La Grande","General",1,36,45.2,-118.3
"667","1497964720","98004","WA","Bellevue","Head and Neck Cancer",1,21,47.62,-122.21
"89","1134310162","98042","WA","Covington","General",1,15,47.36,-122.11
"370","1104907468","98105","WA","Seattle","Pediatrics",1,42,47.66,-122.3
"52","1255421145","98105","WA","Seattle","Pediatrics",0,NA,47.66,-122.3
"607","1578533188","98312","WA","Bremerton","General",0,NA,47.6,-122.8
"1","1750653143","98366","WA","Port Orchard","Otology/neurotology",0,NA,47.5,-122.6
"83","1679689145","98374","WA","Puyallup","Rhinology",0,NA,47.13,-122.25
"402","1104807932","98801","WA","Wenatchee","General",0,NA,47.4,-120.4
"492","1609883768","98926","WA","Ellensburg","General",0,NA,47,-120.4
"195","1598887861","99163","WA","Pullman","General",1,82,46.7,-117.3
"49","1083665145","99201","WA","Spokane","General",1,11,47.66,-117.44
"30","1972554046","99201","WA","Spokane","General",0,NA,47.66,-117.44
"502","1902876402","99352","WA","Richland","General",0,NA,46.24,-119.28
