"id","zip5","state","city","lat","long"
1,"01890","MA","Winchester",42.45,-71.15
2,"02110","MA","Boston",42.359,-71.054
3,"02114","MA","Boston",42.363,-71.066
4,"02115","MA","Boston",42.34,-71.1
5,"02118","MA","Boston",42.34,-71.07
6,"02132","MA","West Roxbury",42.28,-71.16
7,"02135","MA","Brighton",42.35,-71.15
8,"02138","MA","Cambridge",42.38,-71.13
9,"02139","MA","Cambridge",42.36,-71.1
10,"02169","MA","Quincy",42.24,-71.01
11,"02657","MA","Provincetown",42.05,-70.18
12,"02891","RI","Westerly",41.36,-71.8
13,"03246","NH","Laconia",43.56,-71.48
14,"03301","NH","Concord",43.2,-71.5
15,"03833","NH","Exeter",43,-71
16,"03904","ME","Kittery",43.11,-70.73
17,"04268","ME","Norway",44.2,-70.6
18,"04330","ME","Augusta",44.4,-69.7
19,"04856","ME","Rockport",44.17,-69.12
20,"04901","ME","Waterville",44.6,-69.6
21,"04915","ME","Belfast",44.5,-69.1
22,"05089","VT","Windsor",43.5,-72.5
23,"05156","VT","Springfield",43.3,-72.5
24,"05401","VT","Burlington",44.48,-73.2
25,"05602","VT","Montpelier",44.3,-72.6
26,"05701","VT","Rutland",43.6,-72.9
27,"05753","VT","Middlebury",44,-73.2
28,"06109","CT","Wethersfield",41.7,-72.66
29,"06226","CT","Willimantic",41.7,-72.21
30,"06443","CT","Madison",41.3,-72.6
31,"06519","CT","New Haven",41.3,-72.94
32,"06790","CT","Torrington",41.84,-73.13
33,"07470","NJ","Wayne",40.95,-74.24
34,"07753","NJ","Neptune",40.22,-74.07
35,"07932","NJ","Florham Park",40.77,-74.4
36,"08043","NJ","Voorhees",39.84,-74.96
37,"08103","NJ","Camden",39.93,-75.11
38,"08619","NJ","Trenton",40.24,-74.7
39,"08816","NJ","East Brunswick",40.43,-74.42
40,"08822","NJ","Flemington",40.5,-74.9
41,"10016","NY","New York",40.74,-73.97
42,"10021","NY","New York",40.77,-73.96
43,"10022","NY","New York",40.76,-73.97
44,"10028","NY","New York",40.78,-73.95
45,"10029","NY","New York",40.79,-73.95
46,"10065","NY","New York",40.765,-73.965
47,"10461","NY","Bronx",40.84,-73.84
48,"10467","NY","Bronx",40.88,-73.87
49,"11040","NY","New Hyde Park",40.74,-73.68
50,"11201","NY","Brooklyn",40.7,-73.99
51,"11209","NY","Brooklyn",40.62,-74.03
52,"11238","NY","Brooklyn",40.68,-73.96
53,"11372","NY","Jackson Heights",40.75,-73.88
54,"11530","NY","Garden City",40.73,-73.64
55,"11542","NY","Glen Cove",40.87,-73.62
56,"11756","NY","Levittown",40.72,-73.52
57,"12078","NY","Gloversville",43.1,-74.4
58,"12206","NY","Albany",42.68,-73.79
59,"12601","NY","Poughkeepsie",41.7,-73.9
60,"12734","NY","Ferndale",41.74,-74.75
61,"12901","NY","Plattsburgh",44.7,-73.5
62,"13126","NY","Oswego",43.4,-76.5
63,"13214","NY","Syracuse",43.04,-76.07
64,"13326","NY","Cooperstown",42.7,-74.9
65,"13421","NY","Oneida",43.1,-75.6
66,"13601","NY","Watertown",44,-75.9
67,"13617","NY","Canton",44.6,-75.2
68,"13669","NY","Ogdensburg",44.7,-75.5
69,"13815","NY","Norwich",42.5,-75.6
70,"14020","NY","Batavia",43,-78.2
71,"14221","NY","Buffalo",42.99,-78.73
72,"14424","NY","Canandaigua",42.8,-77.3
73,"14456","NY","Geneva",42.9,-77
74,"14618","NY","Rochester",43.11,-77.56
75,"15102","PA","Bethel Park",40.32,-80.04
76,"15212","PA","Pittsburgh",40.47,-80.01
77,"15224","PA","Pittsburgh",40.46,-79.95
78,"15401","PA","Uniontown",39.89,-79.74
79,"15601","PA","Greensburg",40.3,-79.5
80,"15644","PA","Jeannette",40.35,-79.61
81,"15666","PA","Mount Pleasant",40.16,-79.53
82,"15936","PA","Hooversville",40.16,-78.9
83,"16323","PA","Franklin",41.4,-79.8
84,"16335","PA","Meadville",41.6,-80.2
85,"16346","PA","Seneca",41.37,-79.67
86,"16801","PA","State College",40.8,-77.9
87,"16915","PA","Coudersport",41.8,-78
88,"17042","PA","Lebanon",40.3,-76.4
89,"17325","PA","Gettysburg",39.8,-77.2
90,"17815","PA","Bloomsburg",41,-76.4
91,"17822","PA","Danville",41,-76.7
92,"17837","PA","Lewisburg",41,-77
93,"17901","PA","Pottsville",40.7,-76.3
94,"18103","PA","Allentown",40.57,-75.48
95,"18301","PA","East Stroudsburg",41,-75.1
96,"18431","PA","Honesdale",41.6,-75.3
97,"19104","PA","Philadelphia",39.97,-75.2
98,"19107","PA","Philadelphia",39.95,-75.16
99,"19140","PA","Philadelphia",40.01,-75.15
100,"19341","PA","Exton",40.04,-75.63
101,"19401","PA","Norristown",40.13,-75.33
102,"19477","PA","Spring House",40.189,-75.229
103,"19611","PA","Reading",40.33,-75.94
104,"19713","DE","Newark",39.67,-75.7
105,"19803","DE","Wilmington",39.8,-75.53
106,"20007","DC","Washington",38.92,-77.08
107,"20010","DC","Washington",38.93,-77.03
108,"20037","DC","Washington",38.89,-77.05
109,"20850","MD","Rockville",39.09,-77.19
110,"20854","MD","Potomac",39,-77.2
111,"20895","MD","Kensington",39.03,-77.08
112,"20903","MD","Silver Spring",39.02,-76.98
113,"21093","MD","Lutherville Timonium",39.44,-76.64
114,"21204","MD","Towson",39.4,-76.63
115,"21227","MD","Halethorpe",39.24,-76.67
116,"21401","MD","Annapolis",38.99,-76.54
117,"21804","MD","Salisbury",38.35,-75.53
118,"22031","VA","Fairfax",38.86,-77.26
119,"22060","VA","Fort Belvoir",38.7,-77.16
120,"22630","VA","Front Royal",38.9,-78.2
121,"22827","VA","Elkton",38.4,-78.6
122,"22939","VA","Fishersville",38.1,-78.97
123,"23233","VA","Henrico",37.65,-77.62
124,"23236","VA","Richmond",37.47,-77.59
125,"23306","VA","Belle Haven",37.58,-75.87
126,"23606","VA","Newport News",37.07,-76.49
127,"24060","VA","Blacksburg",37.3,-80.4
128,"24141","VA","Radford",37.1,-80.6
129,"24210","VA","Abingdon",36.8,-82
130,"24333","VA","Galax",36.7,-80.9
131,"24541","VA","Danville",36.6,-79.5
132,"24641","VA","Richlands",37.11,-81.8
133,"25550","WV","Point Pleasant",38.86,-82.07
134,"26241","WV","Elkins",38.9,-79.8
135,"26330","WV","Bridgeport",39.3,-80.2
136,"27030","NC","Mount Airy",36.5,-80.6
137,"27514","NC","Chapel Hill",35.97,-79.04
138,"27534","NC","Goldsboro",35.4,-77.9
139,"27536","NC","Henderson",36.33,-78.41
140,"27565","NC","Oxford",36.3,-78.6
141,"27607","NC","Raleigh",35.81,-78.71
142,"27610","NC","Raleigh",35.7,-78.5
143,"27959","NC","Nags Head",35.9,-75.6
144,"28001","NC","Albemarle",35.3,-80.2
145,"28139","NC","Rutherfordton",35.3,-82
146,"28277","NC","Charlotte",35.05,-80.81
147,"28352","NC","Laurinburg",34.8,-79.5
148,"28501","NC","Kinston",35.3,-77.5
149,"28562","NC","New Bern",35.1,-77.1
150,"28607","NC","Boone",36.2,-81.6
151,"28677","NC","Statesville",35.7,-80.9
152,"28717","NC","Cashiers",35.08,-83.1
153,"28803","NC","Asheville",35.54,-82.52
154,"29078","SC","Lugoff",34.2,-80.7
155,"29169","SC","West Columbia",33.99,-81.1
156,"29203","SC","Columbia",34.09,-81.04
157,"29303","SC","Spartanburg",35,-81.98
158,"29414","SC","Charleston",32.84,-80.11
159,"29440","SC","Georgetown",33.4,-79.4
160,"29646","SC","Greenwood",34.1,-82.1
161,"30012","GA","Conyers",33.72,-84.01
162,"30046","GA","Lawrenceville",33.95,-84
163,"30117","GA","Carrollton",33.6,-85.1
164,"30204","GA","Barnesville",33.1,-84.1
165,"30224","GA","Griffin",33.2,-84.2
166,"30240","GA","LaGrange",33,-85.1
167,"30322","GA","Atlanta",33.792,-84.323
168,"30338","GA","Atlanta",33.94,-84.32
169,"30474","GA","Vidalia",32.2,-82.4
170,"30501","GA","Gainesville",34.32,-83.81
171,"30535","GA","Demorest",34.59,-83.57
172,"31021","GA","Dublin",32.5,-82.9
173,"31061","GA","Milledgeville",33.1,-83.2
174,"31201","GA","Macon",32.81,-83.62
175,"31768","GA","Moultrie",31.2,-83.8
176,"31792","GA","Thomasville",30.8,-84.1
177,"32224","FL","Jacksonville",30.29,-81.47
178,"32405","FL","Panama City",30.2,-85.67
179,"32446","FL","Marianna",30.9,-85.2
180,"32504","FL","Pensacola",30.48,-87.2
181,"32608","FL","Gainesville",29.59,-82.4
182,"32763","FL","Orange City",28.94,-81.3
183,"33021","FL","Hollywood",26.02,-80.19
184,"33136","FL","Miami",25.79,-80.21
185,"33155","FL","Miami",25.74,-80.31
186,"33156","FL","Miami",25.66,-80.29
187,"33196","FL","Miami",25.6,-80.6
188,"33411","FL","West Palm Beach",26.71,-80.2
189,"33483","FL","Delray Beach",26.46,-80.06
190,"33612","FL","Tampa",28.05,-82.45
191,"33881","FL","Winter Haven",28.06,-81.71
192,"33952","FL","Port Charlotte",26.99,-82.09
193,"34102","FL","Naples",26.13,-81.8
194,"34239","FL","Sarasota",27.31,-82.52
195,"34452","FL","Inverness",28.8,-82.4
196,"34471","FL","Ocala",29.15,-82.12
197,"34683","FL","Palm Harbor",28.09,-82.77
198,"35010","AL","Alexander City",32.9,-85.9
199,"35233","AL","Birmingham",33.51,-86.8
200,"35242","AL","Birmingham",33.4,-86.7
201,"35406","AL","Tuscaloosa",33.3,-87.5
202,"35501","AL","Jasper",33.8,-87.3
203,"35660","AL","Sheffield",34.76,-87.7
204,"35957","AL","Boaz",34.2,-86.2
205,"35976","AL","Guntersville",34.3,-86.3
206,"36330","AL","Enterprise",31.3,-85.9
207,"36535","AL","Foley",30.4,-87.7
208,"36606","AL","Mobile",30.67,-88.1
209,"37055","TN","Dickson",36.1,-87.4
210,"37129","TN","Murfreesboro",35.9,-86.5
211,"37343","TN","Hixson",35.17,-85.21
212,"37388","TN","Tullahoma",35.3,-86.2
213,"37398","TN","Winchester",35.2,-86.2
214,"37604","TN","Johnson City",36.3,-82.38
215,"37745","TN","Greeneville",36.3,-82.8
216,"37849","TN","Powell",36.07,-84.05
217,"37916","TN","Knoxville",35.95,-83.93
218,"38401","TN","Columbia",35.7,-87
219,"38583","TN","Sparta",35.9,-85.5
220,"38652","MS","New Albany",34.5,-89
221,"38655","MS","Oxford",34.3,-89.5
222,"38801","MS","Tupelo",34.23,-88.77
223,"39216","MS","Jackson",32.33,-90.16
224,"39232","MS","Flowood",32.33,-90.09
225,"39648","MS","McComb",31.2,-90.4
226,"39705","MS","Columbus",33.6,-88.4
227,"40202","KY","Louisville",38.25,-85.75
228,"40220","KY","Louisville",38.22,-85.62
229,"40324","KY","Georgetown",38.3,-84.6
230,"40391","KY","Winchester",38,-84.2
231,"40422","KY","Danville",37.6,-84.8
232,"40513","KY","Lexington",38.01,-84.61
233,"41017","OH","Ft Mitchell",39.02,-84.56
234,"41653","KY","Prestonsburg",37.7,-82.8
235,"42066","KY","Mayfield",36.7,-88.6
236,"42101","KY","Bowling Green",37,-86.5
237,"42141","KY","Glasgow",36.9,-85.9
238,"43016","OH","Dublin",40.1,-83.14
239,"43130","OH","Lancaster",39.7,-82.6
240,"43210","OH","Columbus",40.01,-83.02
241,"43302","OH","Marion",40.6,-83.1
242,"43506","OH","Bryan",41.5,-84.5
243,"43623","OH","Toledo",41.71,-83.66
244,"43701","OH","Zanesville",40,-82
245,"44004","OH","Ashtabula",41.9,-80.8
246,"44106","OH","Cleveland",41.51,-81.6
247,"44256","OH","Medina",41.1,-81.9
248,"44320","OH","Akron",41.08,-81.58
249,"44408","OH","Columbiana",40.9,-80.7
250,"44691","OH","Wooster",40.8,-82
251,"45219","OH","Cincinnati",39.13,-84.51
252,"45229","OH","Cincinnati",39.15,-84.49
253,"45365","OH","Sidney",40.3,-84.2
254,"45373","OH","Troy",40,-84.2
255,"45402","OH","Dayton",39.76,-84.21
256,"45601","OH","Chillicothe",39.3,-83
257,"45631","OH","Gallipolis",38.8,-82.3
258,"45662","OH","Portsmouth",38.79,-82.92
259,"45840","OH","Findlay",41,-83.7
260,"46032","IN","Carmel",39.97,-86.18
261,"46052","IN","Lebanon",40,-86.5
262,"46176","IN","Shelbyville",39.5,-85.8
263,"46202","IN","Indianapolis",39.79,-86.15
264,"46237","IN","Indianapolis",39.68,-86.09
265,"46635","IN","South Bend",41.72,-86.21
266,"46714","IN","Bluffton",40.7,-85.2
267,"47201","IN","Columbus",39.2,-86
268,"47250","IN","Madison",38.8,-85.4
269,"47374","IN","Richmond",39.8,-84.9
270,"47546","IN","Jasper",38.4,-86.9
271,"47591","IN","Vincennes",38.6,-87.5
272,"47710","IN","Evansville",38.02,-87.58
273,"47807","IN","Terre Haute",39.47,-87.41
274,"47904","IN","Lafayette",40.44,-86.88
275,"48109","MI","Ann Arbor",42.28,-83.72
276,"48201","MI","Detroit",42.35,-83.06
277,"48202","MI","Detroit",42.38,-83.08
278,"48314","MI","Sterling Heights",42.61,-83.05
279,"48322","MI","West Bloomfield",42.54,-83.38
280,"48823","MI","East Lansing",42.76,-84.44
281,"48858","MI","Mount Pleasant",43.6,-84.8
282,"49068","MI","Marshall",42.3,-84.9
283,"49221","MI","Adrian",41.9,-84.1
284,"49423","MI","Holland",42.7,-86.1
285,"49770","MI","Petoskey",45.3,-84.9
286,"49855","MI","Marquette",46.6,-87.3
287,"49862","MI","Munising",46.4,-86.6
288,"50219","IA","Pella",41.4,-92.9
289,"50266","IA","West des Moines",41.56,-93.81
290,"50325","IA","Clive",41.62,-93.79
291,"50401","IA","Mason City",43.1,-93.2
292,"50801","IA","Creston",41.1,-94.4
293,"51041","IA","Orange City",43,-96.1
294,"51301","IA","Spencer",43.1,-95.2
295,"51401","IA","Carroll",42.1,-94.9
296,"52001","IA","Dubuque",42.56,-90.69
297,"52101","IA","Decorah",43.3,-91.8
298,"52242","IA","Iowa City",41.66,-91.55
299,"52245","IA","Iowa City",41.67,-91.51
300,"52577","IA","Oskaloosa",41.3,-92.7
301,"52655","IA","West Burlington",40.85,-91.21
302,"53027","WI","Hartford",43.3,-88.4
303,"53081","WI","Sheboygan",43.76,-87.71
304,"53095","WI","West Bend",43.4,-88.2
305,"53121","WI","Elkhorn",42.7,-88.5
306,"53188","WI","Waukesha",43.03,-88.29
307,"53220","WI","Milwaukee",42.96,-87.99
308,"53226","WI","Milwaukee",43.05,-88.04
309,"53538","WI","Fort Atkinson",42.8,-88.9
310,"53566","WI","Monroe",42.6,-89.6
311,"53792","WI","Madison",43.07,-89.38
312,"54024","WI","Saint Croix Falls",45.5,-92.7
313,"54143","WI","Marinette",45.1,-87.7
314,"54449","WI","Marshfield",44.6,-90.2
315,"54481","WI","Stevens Point",44.5,-89.6
316,"54703","WI","Eau Claire",44.8,-91.5
317,"54806","WI","Ashland",46.8,-90.9
318,"55051","MN","Mora",45.9,-93.3
319,"55060","MN","Owatonna",44,-93.2
320,"55066","MN","Red Wing",44.5,-92.5
321,"55125","MN","Saint Paul",44.92,-92.94
322,"55313","MN","Buffalo",45.2,-93.8
323,"55404","MN","Minneapolis",44.96,-93.26
324,"55416","MN","Minneapolis",44.95,-93.34
325,"55439","MN","Minneapolis",44.87,-93.37
326,"55454","MN","Minneapolis",44.97,-93.24
327,"55792","MN","Virginia",47.6,-92.5
328,"55905","MN","Rochester",44,-92.4
329,"56007","MN","Albert Lea",43.7,-93.3
330,"56201","MN","Willmar",45.1,-95
331,"56303","MN","Saint Cloud",45.58,-94.21
332,"56425","MN","Baxter",46.34,-94.27
333,"56537","MN","Fergus Falls",46.3,-96.1
334,"56601","MN","Bemidji",47.5,-94.8
335,"57078","SD","Yankton",42.9,-97.4
336,"57401","SD","Aberdeen",45.5,-98.5
337,"59270","MT","Sidney",47.6,-104.3
338,"59701","MT","Butte",46.1,-112.4
339,"59901","MT","Kalispell",48.1,-113.8
340,"60126","IL","Elmhurst",41.89,-87.94
341,"60134","IL","Geneva",41.89,-88.31
342,"60521","IL","Hinsdale",41.8,-87.93
343,"60611","IL","Chicago",41.91,-87.61
344,"60612","IL","Chicago",41.88,-87.69
345,"60936","IL","Gibson City",40.5,-88.3
346,"61032","IL","Freeport",42.3,-89.6
347,"61081","IL","Sterling",41.8,-89.7
348,"61107","IL","Rockford",42.28,-89.01
349,"61938","IL","Mattoon",39.5,-88.4
350,"62040","IL","Granite City",38.73,-90.12
351,"62226","IL","Belleville",38.52,-90
352,"62301","IL","Quincy",39.93,-91.39
353,"62701","IL","Springfield",39.801,-89.65
354,"62948","IL","Herrin",37.82,-89.03
355,"63017","MO","Chesterfield",38.67,-90.53
356,"63026","MO","Fenton",38.5,-90.46
357,"63090","MO","Washington",38.5,-91
358,"63141","MO","Saint Louis",38.65,-90.45
359,"63376","MO","Saint Peters",38.8,-90.63
360,"63901","MO","Poplar Bluff",36.7,-90.5
361,"64064","MO","Lees Summit",38.99,-94.32
362,"64865","MO","Seneca",36.8,-94.6
363,"65201","MO","Columbia",38.9,-92.2
364,"65203","MO","Columbia",38.9,-92.4
365,"65270","MO","Moberly",39.4,-92.4
366,"65401","MO","Rolla",37.9,-91.8
367,"65616","MO","Branson",36.7,-93.2
368,"65804","MO","Springfield",37.15,-93.25
369,"67042","KS","El Dorado",37.8,-96.8
370,"67114","KS","Newton",38.1,-97.2
371,"67206","KS","Wichita",37.7,-97.22
372,"67226","KS","Wichita",37.78,-97.22
373,"67401","KS","Salina",38.9,-97.6
374,"67502","KS","Hutchinson",38.1,-97.9
375,"68114","NE","Omaha",41.26,-96.05
376,"68601","NE","Columbus",41.5,-97.4
377,"68803","NE","Grand Island",40.9,-98.4
378,"68845","NE","Kearney",40.7,-99.2
379,"68901","NE","Hastings",40.6,-98.4
380,"69101","NE","North Platte",41.1,-100.8
381,"69361","NE","Scottsbluff",42,-103.7
382,"70112","LA","New Orleans",29.96,-90.08
383,"70121","LA","New Orleans",29.96,-90.16
384,"70510","LA","Abbeville",29.9,-92.3
385,"70526","LA","Crowley",30.2,-92.4
386,"70535","LA","Eunice",30.5,-92.4
387,"70560","LA","New Iberia",29.9,-91.9
388,"70808","LA","Baton Rouge",30.43,-91.16
389,"70810","LA","Baton Rouge",30.35,-91.07
390,"71103","LA","Shreveport",32.49,-93.78
391,"71446","LA","Leesville",31.1,-93.2
392,"71603","AR","Pine Bluff",34.1,-92.1
393,"72034","AR","Conway",35.05,-92.5
394,"72501","AR","Batesville",35.8,-91.7
395,"72601","AR","Harrison",36.2,-93.1
396,"72653","AR","Mountain Home",36.3,-92.4
397,"72801","AR","Russellville",35.28,-93.14
398,"73102","OK","Oklahoma City",35.47,-97.52
399,"73533","OK","Duncan",34.5,-97.9
400,"74006","OK","Bartlesville",36.7,-95.9
401,"74074","OK","Stillwater",36.1,-97.1
402,"74401","OK","Muskogee",35.7,-95.5
403,"75035","TX","Frisco",33.16,-96.77
404,"75110","TX","Corsicana",32.1,-96.5
405,"75119","TX","Ennis",32.4,-96.6
406,"75246","TX","Dallas",32.793,-96.773
407,"75390","TX","Dallas",32.79,-96.8
408,"75401","TX","Greenville",33.2,-96.1
409,"75460","TX","Paris",33.6,-95.6
410,"75482","TX","Sulphur Springs",33.2,-95.6
411,"75703","TX","Tyler",32.2,-95.3
412,"75751","TX","Athens",32.1,-95.9
413,"75904","TX","Lufkin",31.4,-94.8
414,"75965","TX","Nacogdoches",31.7,-94.6
415,"76033","TX","Cleburne",32.3,-97.5
416,"76104","TX","Fort Worth",32.73,-97.32
417,"76310","TX","Wichita Falls",33.8,-98.5
418,"76401","TX","Stephenville",32.3,-98.1
419,"76528","TX","Gatesville",31.4,-97.8
420,"76544","TX","Fort Hood",31.2,-97.7
421,"77006","TX","Houston",29.74,-95.39
422,"77014","TX","Houston",29.99,-95.46
423,"77024","TX","Houston",29.77,-95.5
424,"77030","TX","Houston",29.71,-95.41
425,"77064","TX","Houston",29.93,-95.54
426,"77070","TX","Houston",29.98,-95.58
427,"77384","TX","Conroe",30.23,-95.5
428,"77385","TX","Conroe",30.18,-95.4
429,"77401","TX","Bellaire",29.71,-95.47
430,"77478","TX","Sugar Land",29.62,-95.61
431,"77479","TX","Sugar Land",29.56,-95.64
432,"77598","TX","Webster",29.55,-95.14
433,"77630","TX","Orange",30.1,-93.9
434,"77640","TX","Port Arthur",29.8,-94.1
435,"78006","TX","Boerne",29.9,-98.7
436,"78028","TX","Kerrville",30.1,-99.2
437,"78155","TX","Seguin",29.6,-97.9
438,"78207","TX","San Antonio",29.42,-98.52
439,"78229","TX","San Antonio",29.51,-98.57
440,"78230","TX","San Antonio",29.54,-98.56
441,"78258","TX","San Antonio",29.65,-98.51
442,"78503","TX","McAllen",26.15,-98.25
443,"78624","TX","Fredericksburg",30.3,-98.9
444,"78640","TX","Kyle",30,-97.8
445,"78654","TX","Marble Falls",30.6,-98.2
446,"78746","TX","Austin",30.3,-97.81
447,"79124","TX","Amarillo",35.3,-102
448,"79761","TX","Odessa",31.85,-102.35
449,"80003","CO","Arvada",39.83,-105.06
450,"80045","CO","Aurora",39.75,-104.84
451,"80113","CO","Englewood",39.64,-104.96
452,"80204","CO","Denver",39.74,-105.02
453,"80487","CO","Steamboat Springs",40.7,-106.9
454,"80701","CO","Fort Morgan",40.2,-103.8
455,"81212","CO","Canon City",38.5,-105.4
456,"81301","CO","Durango",37.4,-107.8
457,"81601","CO","Glenwood Springs",39.6,-107.3
458,"81620","CO","Avon",39.63,-106.52
459,"82604","WY","Casper",43,-106.8
460,"82716","WY","Gillette",44.6,-105.6
461,"82801","WY","Sheridan",44.8,-106.9
462,"82930","WY","Evanston",41.3,-110.8
463,"83001","WY","Jackson",43.5,-110.5
464,"83350","ID","Rupert",42.8,-113.6
465,"83686","ID","Nampa",43.5,-116.6
466,"83704","ID","Boise",43.63,-116.29
467,"83712","ID","Boise",43.63,-116.13
468,"83854","ID","Post Falls",47.7,-116.9
469,"84010","UT","Bountiful",40.89,-111.82
470,"84041","UT","Layton",41.05,-112
471,"84074","UT","Tooele",40.5,-112.3
472,"84102","UT","Salt Lake City",40.76,-111.86
473,"84341","UT","Logan",41.78,-111.81
474,"84501","UT","Price",39.6,-110.8
475,"84720","UT","Cedar City",37.8,-113.1
476,"85704","AZ","Tucson",32.34,-110.98
477,"85712","AZ","Tucson",32.24,-110.9
478,"85741","AZ","Tucson",32.33,-111.05
479,"86045","AZ","Tuba City",36.127,-111.222
480,"86326","AZ","Cottonwood",34.7,-112
481,"87106","NM","Albuquerque",35.06,-106.6
482,"87301","NM","Gallup",35.4,-108.6
483,"87420","NM","Shiprock",36.8,-108.7
484,"88101","NM","Clovis",34.5,-103.3
485,"89052","NV","Henderson",35.98,-115.1
486,"89120","NV","Las Vegas",36.08,-115.09
487,"89449","NV","Stateline",38.96,-119.92
488,"90048","CA","Los Angeles",34.07,-118.38
489,"90095","CA","Los Angeles",34.071,-118.443
490,"90210","CA","Beverly Hills",34.1,-118.42
491,"90212","CA","Beverly Hills",34.06,-118.4
492,"90292","CA","Marina del Rey",33.98,-118.45
493,"90401","CA","Santa Monica",34.01,-118.5
494,"90404","CA","Santa Monica",34.03,-118.47
495,"90720","CA","Los Alamitos",33.8,-118.06
496,"91307","CA","West Hills",34.2,-118.69
497,"91356","CA","Tarzana",34.16,-118.55
498,"91361","CA","Westlake Village",34.1,-118.9
499,"92009","CA","Carlsbad",33.1,-117.25
500,"92037","CA","La Jolla",32.8,-117.2
501,"92103","CA","San Diego",32.75,-117.17
502,"92120","CA","San Diego",32.8,-117.07
503,"92123","CA","San Diego",32.81,-117.14
504,"92335","CA","Fontana",34.09,-117.46
505,"92592","CA","Temecula",33.5,-117
506,"92653","CA","Laguna Hills",33.59,-117.71
507,"92660","CA","Newport Beach",33.64,-117.88
508,"92868","CA","Orange",33.79,-117.88
509,"93003","CA","Ventura",34.27,-119.22
510,"93105","CA","Santa Barbara",34.5,-119.8
511,"93454","CA","Santa Maria",34.9,-120
512,"93463","CA","Solvang",34.6,-120.1
513,"93720","CA","Fresno",36.86,-119.76
514,"94022","CA","Los Altos",37.36,-122.15
515,"94027","CA","Atherton",37.45,-122.2
516,"94115","CA","San Francisco",37.79,-122.44
517,"94118","CA","San Francisco",37.78,-122.46
518,"94301","CA","Palo Alto",37.44,-122.15
519,"94304","CA","Palo Alto",37.42,-122.16
520,"94305","CA","Stanford",37.42,-122.17
521,"94538","CA","Fremont",37.51,-121.99
522,"94558","CA","Napa",38.5,-122.3
523,"94563","CA","Orinda",37.87,-122.19
524,"94587","CA","Union City",37.6,-122
525,"94588","CA","Pleasanton",37.7,-121.9
526,"94952","CA","Petaluma",38.2,-122.8
527,"95030","CA","Los Gatos",37.23,-122
528,"95070","CA","Saratoga",37.27,-122.05
529,"95370","CA","Sonora",38,-120.4
530,"95482","CA","Ukiah",39.1,-123.3
531,"95501","CA","Eureka",40.8,-124.14
532,"95521","CA","Arcata",40.8,-124.1
533,"95602","CA","Auburn",38.99,-121.1
534,"95603","CA","Auburn",38.9,-121.1
535,"95667","CA","Placerville",38.8,-120.6
536,"96001","CA","Redding",40.6,-122.5
537,"97031","OR","Hood River",45.6,-121.7
538,"97058","OR","The Dalles",45.6,-121.2
539,"97103","OR","Astoria",46.1,-123.7
540,"97128","OR","McMinnville",45.2,-123.3
541,"97239","OR","Portland",45.49,-122.69
542,"97420","OR","Coos Bay",43.4,-124.1
543,"97471","OR","Roseburg",43.2,-123.5
544,"97850","OR","La Grande",45.2,-118.3
545,"98004","WA","Bellevue",47.62,-122.21
546,"98042","WA","Covington",47.36,-122.11
547,"98105","WA","Seattle",47.66,-122.3
548,"98312","WA","Bremerton",47.6,-122.8
549,"98366","WA","Port Orchard",47.5,-122.6
550,"98374","WA","Puyallup",47.13,-122.25
551,"98801","WA","Wenatchee",47.4,-120.4
552,"98926","WA","Ellensburg",47,-120.4
553,"99163","WA","Pullman",46.7,-117.3
554,"99201","WA","Spokane",47.66,-117.44
555,"99352","WA","Richland",46.24,-119.28
