"term","estimate","se","z_value","p_value","p_value_fmt","irr","ci_lower","ci_upper"
"(Intercept)",2.96080647587153,0.146848226505174,20.1623577372058,2.09650131632029e-90,"<0.001",19.3135413815131,14.4831983157602,25.7548693709122
"ent_typeFacial Plastics",0.0650869639460145,0.184635279983262,0.352516398555656,0.724451022504447,"0.724",1.06725183277941,0.743198927106746,1.53259972939575
"ent_typeHead and Neck Cancer",0.260299297615748,0.286748301711608,0.907762299068607,0.364003821101659,"0.364",1.29731831284319,0.7395472928805,2.27576359353972
"ent_typeLaryngology",0.81248835751385,0.349083844088173,2.32748771183071,0.0199393222593176,"0.020",2.25350855061839,1.13689014921723,4.46683506863589
"ent_typeOtology/neurotology",0.270254141197035,0.311542359279265,0.867471575365392,0.385683679492808,"0.386",1.31029740897424,0.711515794623835,2.41298831724781
"ent_typePediatrics",0.487995322705774,0.196765311626487,2.48008817546113,0.0131349896584824,"0.013",1.62904723042155,1.10776270310025,2.39563479752212
"ent_typeRhinology",0.448517058214781,0.279080084013741,1.60712671346586,0.108026574371099,"0.108",1.56598819341641,0.906223010064477,2.70608778930156
"ent_typeSleep",0.206122915448467,0.327860284235978,0.6286913217586,0.529551160666142,"0.530",1.22890424602895,0.646312960447297,2.33664762789655
"ent_per_100k_z",-0.0589134371887467,0.0721722425292312,-0.816289408838662,0.414334630463617,"0.414",0.942788376037235,0.818429161024189,1.08604380723509
"medicaid_fee_index_z",-0.0589939920917678,0.0648801317183324,-0.909276700421658,0.363204086213205,"0.363",0.942712432869872,0.830143490036069,1.07054592579991
"svi_overall_z",-0.0402818235512989,0.0600444744622507,-0.670866452109989,0.502305609619638,"0.502",0.960518704212064,0.853878103808971,1.08047761972782
"dual_pct_z",-0.0224378366792089,0.0647810589456891,-0.346364154034905,0.729069060725585,"0.729",0.977812019346339,0.861219062355216,1.11018948252658
"ruralRural",0.154215138477366,0.131758530141843,1.17043760515048,0.241824909757159,"0.242",1.16674187084888,0.901201113133609,1.51052475785183
"caller_fDeol",-0.19875172635417,0.163938920746222,-1.21235229224084,0.225377554749234,"0.225",0.81975339123342,0.59448124748893,1.130389941276
"caller_fFalk",-0.480636270757693,0.19547833678173,-2.45877000321713,0.0139413899926809,"0.014",0.618389803256309,0.421571126088488,0.907097106767008
"caller_fGregg",-0.106741472942307,0.169272995685311,-0.630587723163749,0.52831012817687,"0.528",0.898757996218431,0.644996461633646,1.25235715824031
"caller_fKim",-0.0221285027355247,0.173785043610343,-0.127332607431631,0.898677153349254,"0.899",0.978114536581477,0.695766662933785,1.37504151555339
"caller_fOther",-0.417153248662037,0.533356299085666,-0.782128662166669,0.434138963749792,"0.434",0.658919933608093,0.23165353994528,1.87424495653574
"caller_fWalsh",-0.124521721375991,0.166982951714223,-0.745715176894817,0.455839489134485,"0.456",0.882919082940728,0.636479993984291,1.22477707765963
