"term","estimate","se","z_value","p_value","p_value_fmt","or","ci_lower","ci_upper"
"(Intercept)",-0.204778994515445,0.18921115865316,-1.082277577988,0.279129205998145,"0.279",0.814827377832868,0.562352697140189,1.18065345652725
"ent_typeFacial Plastics",-0.10035456064007,0.265588429549457,-0.377857427035925,0.705536510098565,"0.706",0.904516655170165,0.53746140980598,1.52224953187908
"ent_typeHead and Neck Cancer",-0.181830317803072,0.425585061844155,-0.427247885569951,0.669198786595547,"0.669",0.833742799723763,0.362054070830336,1.91995370883971
"ent_typeLaryngology",0.552787843791773,0.638147787101139,0.866237970208871,0.386359674855369,"0.386",1.73809179828085,0.497599951144029,6.07106791772323
"ent_typeOtology/neurotology",-0.709043289332849,0.394527013813318,-1.79719832738336,0.072304139991715,"0.072",0.492114783780701,0.227114262903689,1.06632211169505
"ent_typePediatrics",0.818062452927822,0.378452419448866,2.16159921534959,0.0306490820010789,"0.031",2.26610489629749,1.07929639308994,4.75794363244531
"ent_typeRhinology",0.746266996242366,0.548895196920845,1.35958011734977,0.173962833523665,"0.174",2.10911197979148,0.719248889148699,6.18472049162983
"ent_typeSleep",0.5041685223852,0.565406130310422,0.891692706105609,0.372557664127527,"0.373",1.65560834671645,0.546616876987464,5.01455244635641
"ent_per_100k_z",-0.0494479209599661,0.0832401602346682,-0.594039233232661,0.552485872496999,"0.552",0.951754723318136,0.808482991665538,1.12041572017772
"medicaid_fee_index_z",-0.0941376823519898,0.0824584320513048,-1.14163803519109,0.25360450722477,"0.254",0.910157440996546,0.774333020104449,1.06980658953384
"svi_overall_z",-0.0487862673922675,0.0888975972114074,-0.54879174378863,0.583148376883775,"0.583",0.95238466360453,0.800096961935884,1.1336582822093
"dual_pct_z",-0.0049068345938452,0.0923157586014554,-0.053152730023364,0.957610218313986,"0.958",0.995105184252821,0.830404459187164,1.19247231487187
"ruralRural",0.017841233791651,0.182234713965007,0.0979024983959803,0.922009716086831,"0.922",1.01800133934614,0.71224577159185,1.45501281754804
"caller_fDeol",0.849365415124007,0.25465019107713,3.33542029374227,0.000851705659627691,"< 0.001",2.33816261840448,1.41943685498349,3.85153056362457
"caller_fFalk",0.691989228250587,0.289457655387368,2.39064061831265,0.0168190071094197,"0.017",1.99768543571743,1.13276624836956,3.52301024666087
"caller_fGregg",0.637832981516576,0.254310030443059,2.5080921126286,0.0121385019677057,"0.012",1.89237561987908,1.14957749698213,3.11513186028239
"caller_fKim",0.684868397283332,0.254512438810264,2.69090344065223,0.0071258816493412,"0.007",1.98351078295234,1.20446222810458,3.26644948615741
"caller_fOther",-0.693978885039006,0.634614338759602,-1.09354428769359,0.274154895075089,"0.274",0.499584320645622,0.144020427319624,1.73297981459981
"caller_fWalsh",0.806501764921046,0.250008248423744,3.22590062530293,0.00125576950103793,"0.001",2.24005801463244,1.37230883472995,3.65650922148764
