"contrast","odds.ratio","SE","df","null","z.ratio","p.value"
"(Otology/neurotology) / Pediatrics",0.207849147055266,0.110261682047108,Inf,1,-2.96131074483916,0.0611104641173154
"(Otology/neurotology) / Rhinology",0.223677664762234,0.149565333394098,Inf,1,-2.23961203949033,0.327866646960253
"General / Pediatrics",0.431993779168217,0.165903263604233,Inf,1,-2.18555933126172,0.360410326235492
"Facial Plastics / Pediatrics",0.388962583365981,0.172235889246243,Inf,1,-2.13246221454123,0.393777709105046
"Head and Neck Cancer / Pediatrics",0.358068339290144,0.197126936437544,Inf,1,-1.86553619317534,0.574809097004658
"General / (Otology/neurotology)",2.0784005385086,0.835757354645127,Inf,1,1.81937373313617,0.606769111734382
"(Otology/neurotology) / Sleep",0.286135272083596,0.198348357092185,Inf,1,-1.80509877534058,0.616594902361686
"Laryngology / (Otology/neurotology)",3.6653355335322,2.72365217317303,Inf,1,1.74801218939036,0.65544646422169
"Facial Plastics / Rhinology",0.418583590838865,0.251397771894333,Inf,1,-1.4500348115993,0.833708244248417
"Head and Neck Cancer / Rhinology",0.385336630399619,0.262920740417374,Inf,1,-1.39765177268159,0.8587272919983
"Facial Plastics / (Otology/neurotology)",1.87136963935944,0.848466060336873,Inf,1,1.38217940736958,0.865682243861251
"General / Rhinology",0.464891778894174,0.258812659591455,Inf,1,-1.37583746238365,0.868474672688395
"Facial Plastics / Sleep",0.535464860927095,0.334581570577005,Inf,1,-0.99964282683289,0.97462873862303
"Head and Neck Cancer / Sleep",0.492934337902596,0.349232388549403,Inf,1,-0.998451345378782,0.9747988019612
"Head and Neck Cancer / Laryngology",0.470006580229768,0.356193706931363,Inf,1,-0.996252869299876,0.975110370501777
"Facial Plastics / Laryngology",0.510558889422068,0.349364124033617,Inf,1,-0.982421571531261,0.977005230852718
"Head and Neck Cancer / (Otology/neurotology)",1.72273181951012,0.974108969707668,Inf,1,0.961918357420937,0.97961287856843
"General / Sleep",0.59470370358485,0.341233936568282,Inf,1,-0.905720999346986,0.985622287848534
"General / Laryngology",0.567042367470705,0.367515940218239,Inf,1,-0.875323088998551,0.988246631616449
"Pediatrics / Sleep",1.37664876732698,0.930953723608547,Inf,1,0.472685892637872,0.999769169150448
"General / Head and Neck Cancer",1.20645623130106,0.52099491063496,Inf,1,0.434623336608203,0.999868518514255
"General / Facial Plastics",1.11063068182512,0.302209554453855,Inf,1,0.385614201204229,0.999941422187521
"Laryngology / Pediatrics",0.761836864316025,0.556821045085042,Inf,1,-0.372178863385979,0.999953961876361
"Rhinology / Sleep",1.27923041573128,1.00455131055783,Inf,1,0.313594302190571,0.999985709208391
"Laryngology / Rhinology",0.819853692710521,0.683367033063969,Inf,1,-0.238300973403463,0.9999978449778
"Facial Plastics / Head and Neck Cancer",1.0862803009534,0.520238149848044,Inf,1,0.172805067991923,0.999999768277231
"Pediatrics / Rhinology",1.0761538737648,0.699185312211186,Inf,1,0.112963833111717,0.999999988031038
"Laryngology / Sleep",1.04878178016491,0.895900519096835,Inf,1,0.0557569967878965,0.999999999913982
