"contrast","ratio","SE","df","null","z.ratio","p.value"
"General / Laryngology",0.444636367665559,0.155357518613429,Inf,1,-2.31966308635116,0.282639861105149
"General / Pediatrics",0.648852329945602,0.130097035774959,Inf,1,-2.1573216745748,0.37799402611201
"Facial Plastics / Laryngology",0.460453160824892,0.171561789941348,Inf,1,-2.08147601954447,0.426950203843622
"Facial Plastics / Pediatrics",0.671933579793837,0.16098911556135,Inf,1,-1.65947838652242,0.713570464276959
"General / Rhinology",0.646894544373128,0.181504754223027,Inf,1,-1.5524064086935,0.778644359751413
"Laryngology / Sleep",1.92961537008426,0.914492442365976,Inf,1,1.38697276589605,0.863549125229323
"Head and Neck Cancer / Laryngology",0.561287656584387,0.236345065048665,Inf,1,-1.37153626845055,0.870349143508151
"Laryngology / (Otology/neurotology)",1.86299575252735,0.854222294307887,Inf,1,1.35694131634843,0.876592368357449
"Facial Plastics / Rhinology",0.669906151043923,0.207679808240824,Inf,1,-1.29225960807044,0.902062487867944
"Laryngology / Pediatrics",1.45928758223764,0.556088348563076,Inf,1,0.991812449979682,0.975730917836865
"Laryngology / Rhinology",1.45488446608511,0.612785316953105,Inf,1,0.890156332223713,0.987016925875881
"General / Head and Neck Cancer",0.792172003872866,0.229184088475336,Inf,1,-0.805281237311058,0.992885130387843
"Pediatrics / Sleep",1.32229958890312,0.491486171916801,Inf,1,0.751626277789712,0.995344680542822
"(Otology/neurotology) / Pediatrics",0.78330161529245,0.274216567820635,Inf,1,-0.697666054745645,0.997080017426614
"Rhinology / Sleep",1.32630144528011,0.560387330917485,Inf,1,0.66835885687331,0.997775641791323
"Facial Plastics / Head and Neck Cancer",0.820351481853164,0.25982613409127,Inf,1,-0.625217956053742,0.998549414048797
"Head and Neck Cancer / Pediatrics",0.819080107316863,0.271183629540625,Inf,1,-0.602789309136692,0.998854518136239
"(Otology/neurotology) / Rhinology",0.780938155179048,0.321608366012788,Inf,1,-0.600401783123982,0.998883621873711
"General / (Otology/neurotology)",0.828355664380124,0.265515021163669,Inf,1,-0.587499217848205,0.999030584948371
"Head and Neck Cancer / Rhinology",0.816608692569937,0.311151314532324,Inf,1,-0.531706082673488,0.999495888357238
"General / Sleep",0.8579771691459,0.285872011399518,Inf,1,-0.459726873367952,0.999808329030519
"Facial Plastics / (Otology/neurotology)",0.857822282854564,0.301966425466298,Inf,1,-0.435658344967806,0.999866397716579
"Facial Plastics / Sleep",0.888497496331592,0.334527412279039,Inf,1,-0.313998897584318,0.99998558229558
"General / Facial Plastics",0.965649506822806,0.181316262422428,Inf,1,-0.186158928691813,0.999999611182582
"Head and Neck Cancer / Sleep",1.08306928918381,0.471871430189,Inf,1,0.1831596087539,0.999999652690584
"Head and Neck Cancer / (Otology/neurotology)",1.04567652016274,0.43813818959418,Inf,1,0.106596876924139,0.999999992017586
"(Otology/neurotology) / Sleep",1.03575940388836,0.475353427142664,Inf,1,0.0765562664918747,0.999999999210178
"Pediatrics / Rhinology",0.996982694702448,0.317318026795457,Inf,1,-0.00949441378135392,1
