"Characteristic","Value"
"N (complete calls, subspecialty known)","731"
"Subspecialty: Facial Plastics","78 (10.7%)"
"Subspecialty: General","501 (68.5%)"
"Subspecialty: Head and Neck Cancer","27 (3.7%)"
"Subspecialty: Laryngology","13 (1.8%)"
"Subspecialty: Otology/neurotology","32 (4.4%)"
"Subspecialty: Pediatrics","45 (6.2%)"
"Subspecialty: Rhinology","19 (2.6%)"
"Subspecialty: Sleep","16 (2.2%)"
"Rurality: Rural","364 (49.8%)"
"Rurality: Urban","367 (50.2%)"
"AAO-HNS region: Central","109 (14.9%)"
"AAO-HNS region: Mid-Atlantic/Southeast","67 (9.2%)"
"AAO-HNS region: Middle Atlantic","91 (12.4%)"
"AAO-HNS region: Midwest","154 (21.1%)"
"AAO-HNS region: Mountain/Southwest","45 (6.2%)"
"AAO-HNS region: New England","48 (6.6%)"
"AAO-HNS region: Pacific","88 (12.0%)"
"AAO-HNS region: Southeast","129 (17.6%)"
"ENT per 100k [median (IQR)]","4.65 (3.17-6.94)"
"Medicaid fee index [median (IQR)]","0.74 (0.64-0.83)"
"SVI (overall) [median (IQR)]","0.48 (0.36-0.63)"
"Dual-eligible fraction [median (IQR)]","0.16 (0.12-0.21)"
"Appointment offered","433 (59.2%)"
"Business-day wait, if offered [median (IQR)]","14 (5-30)"
