"county_fips","county_pop","n_ent","ent_per_100k"
"01001",58761,0,0
"01003",233420,5,2.14
"01005",24877,0,0
"01007",22251,0,0
"01009",59077,0,0
"01011",10328,0,0
"01013",18981,0,0
"01015",116162,0,0
"01017",34612,1,2.89
"01019",25069,0,0
"01021",45140,0,0
"01023",12669,0,0
"01025",23058,0,0
"01027",14209,0,0
"01029",15144,0,0
"01031",53559,3,5.6
"01033",57270,2,3.49
"01035",11576,0,0
"01037",10329,0,0
"01039",37542,0,0
"01041",13205,0,0
"01043",88284,0,0
"01045",49455,0,0
"01047",38326,0,0
"01049",71680,1,1.4
"01051",87694,0,0
"01053",36755,0,0
"01055",103348,3,2.9
"01057",16297,0,0
"01059",32011,0,0
"01061",26647,0,0
"01063",7706,0,0
"01065",14742,0,0
"01067",17282,0,0
"01069",107040,2,1.87
"01071",52618,1,1.9
"01073",672265,60,8.93
"01075",13885,0,0
"01077",94329,0,0
"01079",33116,0,0
"01081",175126,2,1.14
"01083",104199,0,0
"01085",10153,0,0
"01087",19198,0,0
"01089",389781,17,4.36
"01091",19180,0,0
"01093",29203,0,0
"01095",97923,3,3.06
"01097",413878,24,5.8
"01099",19816,0,0
"01101",228132,13,5.7
"01103",123102,3,2.44
"01105",8479,0,0
"01107",18925,0,0
"01109",32997,1,3.03
"01111",22179,0,0
"01113",58849,0,0
"01115",91719,0,0
"01117",223916,10,4.47
"01119",12196,0,0
"01121",81105,0,0
"01123",41251,1,2.42
"01125",231558,9,3.89
"01127",64978,1,1.54
"01129",15434,0,0
"01131",10441,0,0
"01133",23655,0,0
"02013",3407,0,0
"02016",5219,0,0
"02020",290674,0,0
"02050",18538,0,0
"02060",854,0,0
"02063",7000,0,0
"02066",2614,0,0
"02068",2101,0,0
"02070",4854,0,0
"02090",96299,0,0
"02100",2079,0,0
"02105",2329,0,0
"02110",32108,0,0
"02122",59235,0,0
"02130",13910,0,0
"02150",13065,0,0
"02158",8372,0,0
"02164",999,0,0
"02170",108661,0,0
"02180",10018,0,0
"02185",10924,0,0
"02188",7682,0,0
"02195",3374,0,0
"02198",5799,0,0
"02220",8462,0,0
"02230",1303,0,0
"02240",6888,0,0
"02275",2134,0,0
"02282",564,0,0
"02290",5355,0,0
"04001",66054,0,0
"04003",125504,1,0.8
"04005",144705,4,2.76
"04007",53419,0,0
"04009",38453,0,0
"04011",9483,0,0
"04012",16681,0,0
"04013",4430871,127,2.87
"04015",214229,3,1.4
"04017",107110,1,0.93
"04019",1042393,37,3.55
"04021",433338,0,0
"04023",47838,0,0
"04025",237830,4,1.68
"04027",204374,3,1.47
"05001",17024,0,0
"05003",19018,0,0
"05005",41801,3,7.18
"05007",286528,3,1.05
"05009",37662,1,2.66
"05011",10461,0,0
"05013",4773,0,0
"05015",28362,0,0
"05017",10234,0,0
"05019",21469,0,0
"05021",14537,0,0
"05023",24948,1,4.01
"05025",7548,0,0
"05027",22707,0,0
"05029",20782,0,0
"05031",111038,6,5.4
"05033",60593,0,0
"05035",47945,0,0
"05037",16827,0,0
"05039",6472,0,0
"05041",11285,0,0
"05043",17309,0,0
"05045",124611,5,4.01
"05047",17160,0,0
"05049",12183,0,0
"05051",100021,6,6
"05053",18022,0,0
"05055",45954,1,2.18
"05057",20037,0,0
"05059",33129,0,0
"05061",12779,0,0
"05063",37910,1,2.64
"05065",13748,0,0
"05067",16784,0,0
"05069",66934,4,5.98
"05071",25925,0,0
"05073",6277,0,0
"05075",16258,0,0
"05077",8666,0,0
"05079",13016,0,0
"05081",12024,0,0
"05083",21247,0,0
"05085",74292,0,0
"05087",16737,0,0
"05089",16905,0,0
"05091",42682,0,0
"05093",40361,0,0
"05095",6787,0,0
"05097",8555,0,0
"05099",8292,0,0
"05101",7243,0,0
"05103",22606,0,0
"05105",10055,0,0
"05107",16373,0,0
"05109",10205,0,0
"05111",22997,0,0
"05113",19384,0,0
"05115",63475,2,3.15
"05117",8217,0,0
"05119",398322,36,9.04
"05121",18619,0,0
"05123",23138,0,0
"05125",123988,1,0.81
"05127",9871,0,0
"05129",7880,0,0
"05131",128184,5,3.9
"05133",15913,0,0
"05135",17422,0,0
"05137",12393,0,0
"05139",38815,1,2.58
"05141",15900,0,0
"05143",247331,8,3.23
"05145",77118,2,2.59
"05147",6259,0,0
"05149",20342,0,0
"06001",1663823,59,3.55
"06003",1515,0,0
"06005",40577,0,0
"06007",213605,6,2.81
"06009",45674,0,0
"06011",21811,0,0
"06013",1162648,42,3.61
"06015",27462,0,0
"06017",191713,4,2.09
"06019",1008280,15,1.49
"06021",28657,0,0
"06023",136132,2,1.47
"06025",179578,2,1.11
"06027",18829,0,0
"06029",906883,10,1.1
"06031",152515,2,1.31
"06033",68024,1,1.47
"06035",31873,0,0
"06037",9936690,391,3.93
"06039",157243,3,1.91
"06041",260485,13,4.99
"06043",17130,0,0
"06045",91145,3,3.29
"06047",282290,2,0.71
"06049",8651,0,0
"06051",13219,0,0
"06053",437609,9,2.06
"06055",137384,5,3.64
"06057",102322,3,2.93
"06059",3175227,101,3.18
"06061",406608,20,4.92
"06063",19650,0,0
"06065",2429487,33,1.36
"06067",1579211,71,4.5
"06069",64753,0,0
"06071",2180563,59,2.71
"06073",3289701,162,4.92
"06075",851036,68,7.99
"06077",779445,15,1.92
"06079",281712,8,2.84
"06081",754250,30,3.98
"06083",445213,19,4.27
"06085",1916831,133,6.94
"06087",268571,10,3.72
"06089",181852,6,3.3
"06091",2916,0,0
"06093",44049,0,0
"06095",450995,16,3.55
"06097",488436,20,4.09
"06099",552063,11,1.99
"06101",99101,4,4.04
"06103",65484,1,1.53
"06105",15889,0,0
"06107",473446,6,1.27
"06109",54993,2,3.64
"06111",842009,28,3.33
"06113",217141,8,3.68
"06115",81705,0,0
"08001",520149,40,7.69
"08003",16460,1,6.08
"08005",654453,22,3.36
"08007",13509,0,0
"08009",3496,0,0
"08011",5561,0,0
"08013",328658,22,6.69
"08014",73946,0,0
"08015",19564,1,5.11
"08017",1726,0,0
"08019",9403,0,0
"08021",7553,0,0
"08023",3534,0,0
"08025",5782,0,0
"08027",4885,0,0
"08029",31173,0,0
"08031",710800,39,5.49
"08033",2329,0,0
"08035",360206,23,6.39
"08037",55650,2,3.59
"08039",26457,0,0
"08041",730323,32,4.38
"08043",49107,2,4.07
"08045",61683,1,1.62
"08047",5856,0,0
"08049",15724,0,0
"08051",17018,1,5.88
"08053",911,0,0
"08055",6896,0,0
"08057",1440,0,0
"08059",580519,17,2.93
"08061",1347,0,0
"08063",7039,0,0
"08065",7403,0,0
"08067",55983,4,7.15
"08069",359363,13,3.62
"08071",14422,0,0
"08073",5583,0,0
"08075",21302,0,0
"08077",156131,7,4.48
"08079",794,0,0
"08081",13232,0,0
"08083",26070,0,0
"08085",42823,0,0
"08087",29045,1,3.44
"08089",18580,0,0
"08091",4936,0,0
"08093",17597,0,0
"08095",4493,0,0
"08097",17325,1,5.77
"08099",11968,0,0
"08101",168135,3,1.78
"08103",6511,0,0
"08105",11442,0,0
"08107",24944,3,12.03
"08109",6454,0,0
"08111",690,0,0
"08113",8082,0,0
"08115",2391,0,0
"08117",30955,0,0
"08119",24758,0,0
"08121",4817,0,0
"08123",331466,3,0.91
"08125",9938,0,0
"09110",977165,0,0
"09120",326381,0,0
"09130",175244,0,0
"09140",451887,0,0
"09150",95687,0,0
"09160",112696,0,0
"09170",571298,0,0
"09180",280293,0,0
"09190",620666,0,0
"10001",182400,1,0.55
"10003",570567,25,4.38
"10005",240668,1,0.42
"11001",670587,55,8.2
"12001",279729,33,11.8
"12003",27969,0,0
"12005",181055,6,3.31
"12007",27816,0,0
"12009",610723,18,2.95
"12011",1940907,50,2.58
"12013",13753,0,0
"12015",189900,5,2.63
"12017",155173,1,0.64
"12019",219650,8,3.64
"12021",380221,23,6.05
"12023",69832,0,0
"12027",34258,0,0
"12029",16737,0,0
"12031",995708,50,5.02
"12033",321296,22,6.85
"12035",117515,3,2.55
"12037",12276,0,0
"12039",43746,0,0
"12041",18070,0,0
"12043",12179,0,0
"12045",15002,0,0
"12047",13492,0,0
"12049",25528,0,0
"12051",39902,1,2.51
"12053",196621,3,1.53
"12055",102339,0,0
"12057",1468560,68,4.63
"12059",19529,0,0
"12061",160986,6,3.73
"12063",47704,1,2.1
"12065",14458,0,0
"12067",8107,0,0
"12069",386829,7,1.81
"12071",772902,27,3.49
"12073",294128,6,2.04
"12075",43268,0,0
"12077",7704,0,0
"12079",17986,0,0
"12081",405069,13,3.21
"12083",378225,7,1.85
"12085",159399,3,1.88
"12086",2688237,95,3.53
"12087",82044,2,2.44
"12089",91538,2,2.18
"12091",212021,10,4.72
"12093",39870,0,0
"12095",1427403,27,1.89
"12097",393745,10,2.54
"12099",1494805,65,4.35
"12101",569211,10,1.76
"12103",959918,34,3.54
"12105",736229,21,2.85
"12107",73604,1,1.36
"12109",278722,4,1.44
"12111",334682,10,2.99
"12113",188994,0,0
"12115",439392,23,5.23
"12117",471321,26,5.52
"12119",131832,0,0
"12121",43881,0,0
"12123",21421,1,4.67
"12125",15524,0,0
"12127",558520,9,1.61
"12129",33732,0,0
"12131",76618,1,1.31
"12133",25014,0,0
"13001",18441,0,0
"13003",8265,0,0
"13005",11138,0,0
"13007",2878,0,0
"13009",43778,2,4.57
"13011",18381,0,0
"13013",84399,1,1.18
"13015",109410,0,0
"13017",17169,0,0
"13019",18187,0,0
"13021",156554,10,6.39
"13023",12413,0,0
"13025",18105,0,0
"13027",16275,0,0
"13029",44995,0,0
"13031",79829,1,1.25
"13033",24337,0,0
"13035",25522,0,0
"13037",5594,0,0
"13039",55105,0,0
"13043",10946,0,0
"13045",120060,5,4.16
"13047",68052,1,1.47
"13049",12547,0,0
"13051",296266,18,6.08
"13053",9402,2,21.27
"13055",24902,0,0
"13057",268567,6,2.23
"13059",128864,10,7.76
"13061",2855,0,0
"13063",296312,2,0.67
"13065",6713,0,0
"13067",765813,26,3.4
"13069",43056,1,2.32
"13071",45813,2,4.37
"13073",156921,14,8.92
"13075",17242,0,0
"13077",147449,6,4.07
"13079",12156,0,0
"13081",20255,1,4.94
"13083",16239,0,0
"13085",27355,1,3.66
"13087",29063,0,0
"13089",761209,28,3.68
"13091",19977,0,0
"13093",11236,0,0
"13095",85038,3,3.53
"13097",144735,3,2.07
"13099",10753,0,0
"13101",3707,0,0
"13103",65314,0,0
"13105",19570,0,0
"13107",22907,0,0
"13109",10759,0,0
"13111",25436,0,0
"13113",119259,4,3.35
"13115",98541,6,6.09
"13117",253225,6,2.37
"13119",23480,0,0
"13121",1061944,100,9.42
"13123",31519,0,0
"13125",2903,0,0
"13127",84566,3,3.55
"13129",57785,2,3.46
"13131",26075,0,0
"13133",19020,0,0
"13135",957977,21,2.19
"13137",46326,1,2.16
"13139",204953,11,5.37
"13141",8588,0,0
"13143",30178,0,0
"13145",34914,0,0
"13147",26110,0,0
"13149",11489,0,0
"13151",240853,7,2.91
"13153",164117,4,2.44
"13155",9487,0,0
"13157",77033,0,0
"13159",14882,0,0
"13161",14791,0,0
"13163",15591,0,0
"13165",8704,0,0
"13167",9225,0,0
"13169",28382,1,3.52
"13171",18676,1,5.35
"13173",9964,0,0
"13175",49407,2,4.05
"13177",32968,0,0
"13179",65550,2,3.05
"13181",7726,0,0
"13183",16804,0,0
"13185",118257,3,2.54
"13187",33405,1,2.99
"13189",21715,0,0
"13191",11183,0,0
"13193",12099,0,0
"13195",30378,0,0
"13197",7508,0,0
"13199",20679,0,0
"13201",5923,0,0
"13205",21634,0,0
"13207",28287,0,0
"13209",8687,0,0
"13211",20171,0,0
"13213",40063,0,0
"13215",204572,9,4.4
"13217",113298,0,0
"13219",41978,0,0
"13221",14974,1,6.68
"13223",169898,1,0.59
"13225",28054,0,0
"13227",33439,1,2.99
"13229",19822,0,0
"13231",19145,0,0
"13233",43019,0,0
"13235",9887,0,0
"13237",22206,0,0
"13239",2180,0,0
"13241",16915,0,0
"13243",6365,0,0
"13245",206153,20,9.7
"13247",93641,4,4.27
"13249",4565,0,0
"13251",14026,0,0
"13253",9117,0,0
"13255",67415,2,2.97
"13257",26732,0,0
"13259",5121,0,0
"13261",29378,0,0
"13263",5793,0,0
"13265",1635,0,0
"13267",24309,0,0
"13269",7799,0,0
"13271",12619,0,0
"13273",9004,0,0
"13275",45665,3,6.57
"13277",41247,0,0
"13279",26946,2,7.42
"13281",12546,0,0
"13283",6411,0,0
"13285",69527,3,4.31
"13287",8894,0,0
"13289",7955,0,0
"13291",24880,0,0
"13293",27638,0,0
"13295",68065,0,0
"13297",97752,0,0
"13299",35917,1,2.78
"13301",5197,0,0
"13303",19975,0,0
"13305",30277,0,0
"13307",2354,0,0
"13309",7550,0,0
"13311",28165,0,0
"13313",103033,4,3.88
"13315",8839,0,0
"13317",9610,0,0
"13319",8852,0,0
"13321",20706,0,0
"15001",202163,0,0
"15003",1010100,0,0
"15005",50,0,0
"15007",73511,0,0
"15009",164765,0,0
"16001",497494,18,3.62
"16003",4464,0,0
"16005",87434,2,2.29
"16007",6436,0,0
"16009",9731,0,0
"16011",48253,0,0
"16013",24248,0,0
"16015",7809,0,0
"16017",47976,0,0
"16019",124490,4,3.21
"16021",12335,0,0
"16023",2605,0,0
"16025",1133,0,0
"16027",235006,2,0.85
"16029",7058,0,0
"16031",24859,0,0
"16033",756,0,0
"16035",8810,0,0
"16037",4344,0,0
"16039",28752,0,0
"16041",14376,0,0
"16043",13519,0,0
"16045",19250,0,0
"16047",15520,0,0
"16049",16787,0,0
"16051",31383,0,0
"16053",24474,0,0
"16055",173396,9,5.19
"16057",39872,0,0
"16059",8043,0,0
"16061",3630,0,0
"16063",5203,0,0
"16065",52487,0,0
"16067",21626,1,4.62
"16069",42200,0,0
"16071",4572,0,0
"16073",12043,0,0
"16075",25571,0,0
"16077",7918,0,0
"16079",13399,0,0
"16081",11813,0,0
"16083",90592,2,2.21
"16085",11830,0,0
"16087",10612,0,0
"17001",65583,10,15.25
"17003",5261,0,0
"17005",16750,0,0
"17007",53459,0,0
"17009",6334,0,0
"17011",33203,0,0
"17013",4472,0,0
"17015",15594,0,0
"17017",12955,0,0
"17019",206525,11,5.33
"17021",33893,0,0
"17023",15467,0,0
"17025",13248,0,0
"17027",36998,0,0
"17029",47076,5,10.62
"17031",5225367,215,4.11
"17033",18729,0,0
"17035",10447,0,0
"17037",100686,2,1.99
"17039",15535,0,0
"17041",19714,0,0
"17043",930559,53,5.7
"17045",16852,0,0
"17047",6182,0,0
"17049",34594,0,0
"17051",21464,0,0
"17053",13484,1,7.42
"17055",37810,0,0
"17057",33691,2,5.94
"17059",4967,0,0
"17061",12015,0,0
"17063",52624,0,0
"17065",8008,0,0
"17067",17582,0,0
"17069",3665,0,0
"17071",6374,0,0
"17073",49157,0,0
"17075",27043,0,0
"17077",53176,1,1.88
"17079",9295,0,0
"17081",37043,1,2.7
"17083",21462,0,0
"17085",21942,0,0
"17087",13313,0,0
"17089",517254,17,3.29
"17091",107421,2,1.86
"17093",132795,0,0
"17095",49751,1,2.01
"17097",713159,24,3.37
"17099",109495,1,0.91
"17101",15302,0,0
"17103",34221,1,2.92
"17105",35771,0,0
"17107",28027,0,0
"17109",27370,0,0
"17111",311133,5,1.61
"17113",171284,7,4.09
"17115",103542,7,6.76
"17117",44907,0,0
"17119",265512,3,1.13
"17121",37543,0,0
"17123",11740,0,0
"17125",13074,0,0
"17127",14135,0,0
"17129",12284,0,0
"17131",15692,0,0
"17133",34905,1,2.86
"17135",28352,0,0
"17137",32882,0,0
"17139",14531,0,0
"17141",51672,0,0
"17143",181186,7,3.86
"17145",20996,0,0
"17147",16698,0,0
"17149",14776,0,0
"17151",3799,0,0
"17153",5177,0,0
"17155",5628,0,0
"17157",30413,0,0
"17159",15716,0,0
"17161",143819,2,1.39
"17163",256791,5,1.95
"17165",23662,0,0
"17167",196122,15,7.65
"17169",6879,0,0
"17171",4899,0,0
"17173",21042,0,0
"17175",5395,0,0
"17177",44482,2,4.5
"17179",131276,0,0
"17181",17122,0,0
"17183",74113,1,1.35
"17185",11321,0,0
"17187",16760,0,0
"17189",13781,0,0
"17191",16127,0,0
"17193",13834,0,0
"17195",55569,4,7.2
"17197",696774,11,1.58
"17199",67120,1,1.49
"17201",284591,12,4.22
"17203",38414,0,0
"18001",35827,0,0
"18003",385456,20,5.19
"18005",82371,4,4.86
"18007",8709,0,0
"18009",12074,0,0
"18011",71235,3,4.21
"18013",15513,0,0
"18015",20397,0,0
"18017",37820,0,0
"18019",121484,1,0.82
"18021",26396,0,0
"18023",33020,0,0
"18025",10511,0,0
"18027",33337,0,0
"18029",50709,0,0
"18031",26432,0,0
"18033",43312,0,0
"18035",112156,4,3.57
"18037",43584,3,6.88
"18039",206841,4,1.93
"18041",23391,0,0
"18043",80191,5,6.24
"18045",16468,0,0
"18047",22850,0,0
"18049",20420,0,0
"18051",33006,0,0
"18053",66560,0,0
"18055",30900,0,0
"18057",349527,27,7.72
"18059",80170,0,0
"18061",39684,0,0
"18063",175639,9,5.12
"18065",48913,0,0
"18067",83452,2,2.4
"18069",36699,0,0
"18071",46212,0,0
"18073",33045,0,0
"18075",20451,0,0
"18077",33057,1,3.03
"18079",27610,1,3.62
"18081",161952,0,0
"18083",36148,1,2.77
"18085",80442,0,0
"18087",40364,0,0
"18089",497682,10,2.01
"18091",112215,6,5.35
"18093",45113,0,0
"18095",130545,7,5.36
"18097",971737,50,5.15
"18099",46208,0,0
"18101",9863,0,0
"18103",35952,0,0
"18105",140065,7,5
"18107",38018,1,2.63
"18109",71757,0,0
"18111",13829,0,0
"18113",47431,0,0
"18115",5974,0,0
"18117",19768,0,0
"18119",21361,0,0
"18121",16327,0,0
"18123",19186,0,0
"18125",12227,0,0
"18127",173355,3,1.73
"18129",25226,0,0
"18131",12498,0,0
"18133",36942,0,0
"18135",24586,0,0
"18137",28990,1,3.45
"18139",16716,1,5.98
"18141",272388,14,5.14
"18143",24403,0,0
"18145",44940,1,2.23
"18147",19935,0,0
"18149",23308,0,0
"18151",34507,0,0
"18153",20791,0,0
"18155",9896,0,0
"18157",186955,9,4.81
"18159",15328,0,0
"18161",7041,0,0
"18163",179900,15,8.34
"18165",15488,0,0
"18167",106355,2,1.88
"18169",31032,0,0
"18171",8454,0,0
"18173",64065,1,1.56
"18175",28133,0,0
"18177",66522,5,7.52
"18179",28167,1,3.55
"18181",24630,0,0
"18183",34259,0,0
"19001",7479,0,0
"19003",3680,0,0
"19005",14046,0,0
"19007",12279,0,0
"19009",5651,0,0
"19011",25652,0,0
"19013",131041,5,3.82
"19015",26700,0,0
"19017",25012,0,0
"19019",20631,0,0
"19021",20687,0,0
"19023",14376,0,0
"19025",9893,0,0
"19027",20728,1,4.82
"19029",13116,0,0
"19031",18479,0,0
"19033",42979,5,11.63
"19035",11601,0,0
"19037",11957,0,0
"19039",9737,0,0
"19041",16423,1,6.09
"19043",17123,0,0
"19045",46488,1,2.15
"19047",16450,0,0
"19049",100367,11,10.96
"19051",9093,0,0
"19053",7684,0,0
"19055",17523,0,0
"19057",38824,2,5.15
"19059",17692,0,0
"19061",98812,7,7.08
"19063",9349,0,0
"19065",19519,0,0
"19067",15601,0,0
"19069",10015,0,0
"19071",6639,0,0
"19073",8801,0,0
"19075",12351,0,0
"19077",10619,0,0
"19079",14979,0,0
"19081",10790,0,0
"19083",16861,0,0
"19085",14623,0,0
"19087",20436,0,0
"19089",9479,0,0
"19091",9606,0,0
"19093",6969,0,0
"19095",16575,0,0
"19097",19470,0,0
"19099",37808,0,0
"19101",15785,0,0
"19103",153360,31,20.21
"19105",20733,0,0
"19107",10026,0,0
"19109",14718,0,0
"19111",33442,0,0
"19113",229308,9,3.92
"19115",10823,0,0
"19117",8666,0,0
"19119",12023,0,0
"19121",16609,0,0
"19123",22059,1,4.53
"19125",33487,1,2.99
"19127",40049,0,0
"19129",14605,0,0
"19131",10537,0,0
"19133",8671,0,0
"19135",7574,0,0
"19137",10285,0,0
"19139",42968,0,0
"19141",14138,0,0
"19143",6149,0,0
"19145",15225,0,0
"19147",8938,0,0
"19149",25621,0,0
"19151",7061,0,0
"19153",493378,13,2.63
"19155",93543,2,2.14
"19157",18608,0,0
"19159",4690,0,0
"19161",9778,0,0
"19163",174315,4,2.29
"19165",11737,0,0
"19167",35815,1,2.79
"19169",98573,3,3.04
"19171",17017,0,0
"19173",5916,0,0
"19175",12107,1,8.26
"19177",7207,0,0
"19179",35292,1,2.83
"19181",52709,0,0
"19183",22534,0,0
"19185",6484,0,0
"19187",36986,2,5.41
"19189",10704,0,0
"19191",20050,1,4.99
"19193",105526,3,2.84
"19195",7417,0,0
"19197",12897,0,0
"20001",12554,0,0
"20003",7799,0,0
"20005",16309,0,0
"20007",4081,0,0
"20009",25477,0,0
"20011",14405,0,0
"20013",9486,0,0
"20015",67618,1,1.48
"20017",2570,0,0
"20019",3389,0,0
"20021",19380,0,0
"20023",2619,0,0
"20025",1977,0,0
"20027",8088,0,0
"20029",9008,0,0
"20031",8334,0,0
"20033",1825,0,0
"20035",34661,0,0
"20037",39012,2,5.13
"20039",2771,0,0
"20041",18492,0,0
"20043",7501,0,0
"20045",119094,2,1.68
"20047",2849,0,0
"20049",2453,0,0
"20051",28921,0,0
"20053",6374,0,0
"20055",38187,1,2.62
"20057",34212,2,5.85
"20059",25968,1,3.85
"20061",36247,0,0
"20063",2758,0,0
"20065",2430,0,0
"20067",7336,0,0
"20069",5719,0,0
"20071",1279,0,0
"20073",6001,0,0
"20075",2520,0,0
"20077",5457,0,0
"20079",33959,1,2.94
"20081",3735,0,0
"20083",1770,0,0
"20085",13274,0,0
"20087",18387,0,0
"20089",2929,0,0
"20091",610742,36,5.89
"20093",3964,0,0
"20095",7369,0,0
"20097",2445,0,0
"20099",20096,0,0
"20101",1528,0,0
"20103",82050,0,0
"20105",2929,0,0
"20107",9696,0,0
"20109",2752,0,0
"20111",32182,0,0
"20113",30085,0,0
"20115",11867,0,0
"20117",10014,0,0
"20119",4019,0,0
"20121",34312,0,0
"20123",5829,0,0
"20125",31448,0,0
"20127",5385,0,0
"20129",2688,0,0
"20131",10219,0,0
"20133",15826,0,0
"20135",2677,0,0
"20137",5431,0,0
"20139",15787,0,0
"20141",3493,0,0
"20143",5768,0,0
"20145",6288,0,0
"20147",4960,0,0
"20149",25482,0,0
"20151",9175,0,0
"20153",2544,0,0
"20155",61881,3,4.85
"20157",4686,0,0
"20159",9441,0,0
"20161",72105,3,4.16
"20163",4925,0,0
"20165",2939,0,0
"20167",6702,0,0
"20169",54160,2,3.69
"20171",5128,0,0
"20173",522700,18,3.44
"20175",21942,0,0
"20177",178625,9,5.04
"20179",2450,0,0
"20181",5940,0,0
"20183",3561,0,0
"20185",4054,0,0
"20187",2060,0,0
"20189",5275,0,0
"20191",22517,0,0
"20193",7907,0,0
"20195",2798,0,0
"20197",6922,0,0
"20199",1489,0,0
"20201",5529,0,0
"20203",2131,0,0
"20205",8667,0,0
"20207",3134,0,0
"20209",167989,20,11.91
"21001",18887,0,0
"21003",20773,0,0
"21005",23839,0,0
"21007",7742,0,0
"21009",44511,2,4.49
"21011",12739,0,0
"21013",24248,0,0
"21015",136150,0,0
"21017",20228,0,0
"21019",48242,2,4.15
"21021",30613,4,13.07
"21023",8420,0,0
"21025",13580,0,0
"21027",20528,0,0
"21029",82482,0,0
"21031",12365,0,0
"21033",12635,0,0
"21035",37345,0,0
"21037",93122,11,11.81
"21039",4782,0,0
"21041",10842,0,0
"21043",26671,0,0
"21045",15942,0,0
"21047",72766,3,4.12
"21049",36897,2,5.42
"21051",20322,0,0
"21053",9295,0,0
"21055",8979,0,0
"21057",5974,0,0
"21059",102916,2,1.94
"21061",12179,0,0
"21063",7378,0,0
"21065",14138,0,0
"21067",321276,35,10.89
"21069",15111,0,0
"21071",35780,1,2.79
"21073",51475,2,3.89
"21075",6480,0,0
"21077",8720,0,0
"21079",17175,0,0
"21081",25085,0,0
"21083",36701,1,2.72
"21085",26465,1,3.78
"21087",11198,0,0
"21089",35853,0,0
"21091",9058,0,0
"21093",111005,4,3.6
"21095",26589,0,0
"21097",18803,0,0
"21099",19345,0,0
"21101",44770,1,2.23
"21103",15731,0,0
"21105",4491,0,0
"21107",45223,2,4.42
"21109",13002,0,0
"21111",779232,48,6.16
"21113",53381,0,0
"21115",22631,0,0
"21117",169066,4,2.37
"21119",14282,0,0
"21121",30207,0,0
"21123",14902,0,0
"21125",62442,0,0
"21127",16228,0,0
"21129",7338,0,0
"21131",10468,0,0
"21133",21490,0,0
"21135",13063,0,0
"21137",24320,0,0
"21139",8980,0,0
"21141",27498,0,0
"21143",8721,0,0
"21145",67573,7,10.36
"21147",16892,0,0
"21149",9173,0,0
"21151",92955,0,0
"21153",11647,0,0
"21155",19627,0,0
"21157",31706,1,3.15
"21159",11298,0,0
"21161",17068,0,0
"21163",29964,0,0
"21165",6174,0,0
"21167",22662,0,0
"21169",10313,0,0
"21171",11331,0,0
"21173",28188,0,0
"21175",13840,0,0
"21177",30735,0,0
"21179",46779,0,0
"21181",7613,0,0
"21183",23782,1,4.2
"21185",67997,0,0
"21187",11229,0,0
"21189",4054,0,0
"21191",14638,0,0
"21193",28136,1,3.55
"21195",58196,1,1.72
"21197",13089,0,0
"21199",65145,2,3.07
"21201",2207,0,0
"21203",16171,0,0
"21205",24551,0,0
"21207",18021,0,0
"21209",57286,1,1.75
"21211",48105,0,0
"21213",19574,0,0
"21215",19549,0,0
"21217",26056,1,3.84
"21219",12281,0,0
"21221",14154,0,0
"21223",8510,0,0
"21225",13495,0,0
"21227",135307,3,2.22
"21229",12025,0,0
"21231",19666,0,0
"21233",12951,0,0
"21235",36648,1,2.73
"21237",6573,0,0
"21239",26886,1,3.72
"22001",57674,4,6.94
"22003",22798,0,0
"22005",126973,3,2.36
"22007",21067,0,0
"22009",39529,0,0
"22011",36553,0,0
"22013",12958,0,0
"22015",128877,5,3.88
"22017",236259,26,11
"22019",210770,7,3.32
"22021",9658,0,0
"22023",5447,0,0
"22025",8895,0,0
"22027",14203,0,0
"22029",18677,1,5.35
"22031",26821,0,0
"22033",454369,50,11
"22035",7371,0,0
"22037",19452,0,0
"22039",32335,0,0
"22041",19752,0,0
"22043",22185,0,0
"22045",69958,5,7.15
"22047",30210,0,0
"22049",15093,0,0
"22051",436171,38,8.71
"22053",32277,0,0
"22055",243175,20,8.22
"22057",97220,8,8.23
"22059",14764,0,0
"22061",48323,2,4.14
"22063",143425,0,0
"22065",10028,0,0
"22067",25438,0,0
"22069",37478,0,0
"22071",380408,26,6.83
"22073",159585,4,2.51
"22075",23305,0,0
"22077",20652,0,0
"22079",129536,9,6.95
"22081",7631,0,0
"22083",20028,0,0
"22085",22209,0,0
"22087",44038,0,0
"22089",52191,0,0
"22091",10872,0,0
"22093",20090,0,0
"22095",41986,1,2.38
"22097",82574,2,2.42
"22099",51856,0,0
"22101",49114,0,0
"22103",266168,20,7.51
"22105",133953,5,3.73
"22107",4127,0,0
"22109",108862,3,2.76
"22111",21049,0,0
"22113",57202,1,1.75
"22115",48452,3,6.19
"22117",45514,0,0
"22119",36761,0,0
"22121",27377,0,0
"22123",9800,0,0
"22125",15358,0,0
"22127",13665,0,0
"23001",111532,2,1.79
"23003",67237,1,1.49
"23005",303357,19,6.26
"23007",29839,1,3.35
"23009",55851,1,1.79
"23011",124003,4,3.23
"23013",40729,2,4.91
"23015",35466,0,0
"23017",58276,1,1.72
"23019",152640,4,2.62
"23021",16936,0,0
"23023",36868,1,2.71
"23025",50656,0,0
"23027",39772,1,2.51
"23029",31096,0,0
"23031",212691,2,0.94
"24001",68161,2,2.93
"24003",588109,29,4.93
"24005",850737,31,3.64
"24009",93244,1,1.07
"24011",33320,0,0
"24013",173225,1,0.58
"24015",103876,1,0.96
"24017",167035,3,1.8
"24019",32557,0,0
"24021",273829,9,3.29
"24023",28856,0,0
"24025",261059,8,3.06
"24027",332011,5,1.51
"24029",19289,0,0
"24031",1056910,57,5.39
"24033",957189,18,1.88
"24035",50316,0,0
"24037",113814,3,2.64
"24039",24672,0,0
"24041",37663,0,0
"24043",154645,10,6.47
"24045",103815,6,5.78
"24047",52827,0,0
"24510",584548,64,10.95
"25001",229436,9,3.92
"25003",128763,3,2.33
"25005",576699,9,1.56
"25007",20543,0,0
"25009",806103,22,2.73
"25011",70980,0,0
"25013",464575,11,2.37
"25015",153931,3,1.95
"25017",1623109,48,2.96
"25019",14065,0,0
"25021",722112,31,4.29
"25023",529548,10,1.89
"25025",785443,139,17.7
"25027",858898,15,1.75
"26001",10238,0,0
"26003",8866,1,11.28
"26005",120189,6,4.99
"26007",28911,1,3.46
"26009",23662,0,0
"26011",15031,0,0
"26013",8245,0,0
"26015",62581,0,0
"26017",103752,4,3.86
"26019",18058,0,0
"26021",153938,3,1.95
"26023",44795,0,0
"26025",134011,4,2.98
"26027",51604,0,0
"26029",26174,0,0
"26031",25709,0,0
"26033",36670,0,0
"26035",30998,0,0
"26037",79249,0,0
"26039",13197,0,0
"26041",36839,1,2.71
"26043",25937,2,7.71
"26045",109072,0,0
"26047",34072,2,5.87
"26049",405280,4,0.99
"26051",25461,0,0
"26053",14597,0,0
"26055",95315,0,0
"26057",41534,0,0
"26059",45698,0,0
"26061",37414,0,0
"26063",31461,0,0
"26065",282540,8,2.83
"26067",66663,0,0
"26069",25319,0,0
"26071",11585,0,0
"26073",64938,1,1.54
"26075",160637,2,1.25
"26077",261426,6,2.3
"26079",17934,0,0
"26081",657321,19,2.89
"26083",2088,0,0
"26085",12285,0,0
"26087",88687,0,0
"26089",22426,5,22.3
"26091",99263,1,1.01
"26093",194302,1,0.51
"26095",5442,0,0
"26097",10843,0,0
"26099",878453,16,1.82
"26101",25058,0,0
"26103",66376,2,3.01
"26105",29178,0,0
"26107",40128,0,0
"26109",23433,0,0
"26111",83503,3,3.59
"26113",15089,0,0
"26115",154823,3,1.94
"26117",66901,0,0
"26119",9261,0,0
"26121",175947,3,1.71
"26123",50130,0,0
"26125",1272264,59,4.64
"26127",26707,0,0
"26129",20820,0,0
"26131",5862,0,0
"26133",23022,0,0
"26135",8264,0,0
"26137",25221,0,0
"26139",296183,3,1.01
"26141",13083,0,0
"26143",23556,0,0
"26145",189821,5,2.63
"26147",160257,2,1.25
"26149",60887,0,0
"26151",40759,0,0
"26153",8062,0,0
"26155",68124,0,0
"26157",53218,0,0
"26159",75636,0,0
"26161",370231,59,15.94
"26163",1781641,43,2.41
"26165",33766,0,0
"27001",15859,0,0
"27003",363985,6,1.65
"27005",35202,0,0
"27007",46274,1,2.16
"27009",41300,0,0
"27011",5161,0,0
"27013",69022,4,5.8
"27015",25880,0,0
"27017",36362,0,0
"27019",107216,3,2.8
"27021",30288,0,0
"27023",12466,1,8.02
"27025",56927,0,0
"27027",65307,0,0
"27029",8541,0,0
"27031",5611,0,0
"27033",11481,0,0
"27035",66558,3,4.51
"27037",439179,1,0.23
"27039",20893,0,0
"27041",39081,0,0
"27043",13931,0,0
"27045",21251,0,0
"27047",30857,1,3.24
"27049",47697,2,4.19
"27051",6091,0,0
"27053",1270787,78,6.14
"27055",18826,0,0
"27057",21479,0,0
"27059",41257,1,2.42
"27061",45054,0,0
"27063",9990,0,0
"27065",16145,1,6.19
"27067",43686,2,4.58
"27069",4191,0,0
"27071",12072,0,0
"27073",6736,0,0
"27075",10915,0,0
"27077",3786,0,0
"27079",28795,0,0
"27081",5630,0,0
"27083",25352,0,0
"27085",36727,0,0
"27087",5389,0,0
"27089",9017,0,0
"27091",19960,0,0
"27093",23352,0,0
"27095",26680,0,0
"27097",34023,0,0
"27099",40082,0,0
"27101",8170,0,0
"27103",34380,0,0
"27105",22194,0,0
"27107",6457,0,0
"27109",162307,42,25.88
"27111",60072,2,3.33
"27113",13995,1,7.15
"27115",29090,0,0
"27117",9380,0,0
"27119",31128,0,0
"27121",11312,0,0
"27123",547202,19,3.47
"27125",3912,0,0
"27127",15428,0,0
"27129",14707,0,0
"27131",67152,0,0
"27133",9659,0,0
"27135",15294,0,0
"27137",200122,11,5.5
"27139",151347,1,0.66
"27141",97820,0,0
"27143",14950,0,0
"27145",158622,8,5.04
"27147",37396,2,5.35
"27149",9682,0,0
"27151",9806,0,0
"27153",25277,0,0
"27155",3345,0,0
"27157",21460,0,0
"27159",14108,0,0
"27161",18953,0,0
"27163",268651,22,8.19
"27165",11205,0,0
"27167",6454,0,0
"27169",49792,0,0
"27171",142543,1,0.7
"27173",9569,0,0
"28001",29425,0,0
"28003",34717,1,2.88
"28005",12683,0,0
"28007",17842,0,0
"28009",7637,0,0
"28011",30688,0,0
"28013",13193,0,0
"28015",9930,0,0
"28017",17024,0,0
"28019",8208,0,0
"28021",9044,0,0
"28023",15553,0,0
"28025",18598,0,0
"28027",21264,0,0
"28029",28210,0,0
"28031",18323,0,0
"28033",186214,2,1.07
"28035",77917,0,0
"28037",7690,0,0
"28039",24547,0,0
"28041",13672,0,0
"28043",21474,0,0
"28045",46010,1,2.17
"28047",208748,5,2.4
"28049",226541,21,9.27
"28051",16848,0,0
"28053",7744,0,0
"28055",1206,0,0
"28057",23888,0,0
"28059",143721,1,0.7
"28061",16320,0,0
"28063",7207,0,0
"28065",11291,0,0
"28067",67152,3,4.47
"28069",8980,0,0
"28071",56172,3,5.34
"28073",64425,10,15.52
"28075",72741,2,2.75
"28077",11933,0,0
"28079",21335,0,0
"28081",83343,7,8.4
"28083",27920,1,3.58
"28085",34855,1,2.87
"28087",58547,5,8.54
"28089",109257,2,1.83
"28091",24362,0,0
"28093",33980,0,0
"28095",34168,0,0
"28097",9803,0,0
"28099",28970,0,0
"28101",21275,0,0
"28103",10261,0,0
"28105",51388,0,0
"28107",33157,0,0
"28109",56351,0,0
"28111",11511,0,0
"28113",40098,2,4.99
"28115",31202,0,0
"28117",24945,0,0
"28119",6113,0,0
"28121",157185,10,6.36
"28123",27943,0,0
"28125",3910,0,0
"28127",25889,0,0
"28129",14310,0,0
"28131",18360,0,0
"28133",25867,0,0
"28135",12621,0,0
"28137",28094,0,0
"28139",21769,0,0
"28141",18837,0,0
"28143",9787,0,0
"28145",27880,1,3.59
"28147",13888,0,0
"28149",44341,2,4.51
"28151",44604,1,2.24
"28153",19760,0,0
"28155",9942,0,0
"28157",8531,0,0
"28159",17741,0,0
"28161",12499,0,0
"28163",27467,0,0
"29001",25299,0,0
"29003",18069,0,0
"29005",5270,0,0
"29007",24873,0,0
"29009",34701,0,0
"29011",11683,0,0
"29013",16101,0,0
"29015",19616,0,0
"29017",10658,0,0
"29019",184043,19,10.32
"29021",84544,0,0
"29023",42280,3,7.1
"29025",8876,0,0
"29027",44517,0,0
"29029",43227,0,0
"29031",81703,6,7.34
"29033",8513,0,0
"29035",5299,0,0
"29037",108205,0,0
"29039",14314,0,0
"29041",7417,0,0
"29043",89568,0,0
"29045",6693,0,0
"29047",253085,10,3.95
"29049",21155,0,0
"29051",76890,4,5.2
"29053",16893,0,0
"29055",23023,0,0
"29057",7598,0,0
"29059",17158,0,0
"29061",8418,0,0
"29063",11838,0,0
"29065",14509,0,0
"29067",11803,0,0
"29069",28174,0,0
"29071",104858,1,0.95
"29073",14801,0,0
"29075",6219,0,0
"29077",299188,15,5.01
"29079",9878,0,0
"29081",8190,0,0
"29083",22064,0,0
"29085",8452,0,0
"29087",4274,0,0
"29089",10142,0,0
"29091",39960,1,2.5
"29093",9538,0,0
"29095",715526,24,3.35
"29097",122788,0,0
"29099",226984,2,0.88
"29101",54025,0,0
"29103",3772,0,0
"29105",36060,0,0
"29107",32858,0,0
"29109",38231,0,0
"29111",9987,0,0
"29113",60172,0,0
"29115",11892,0,0
"29117",14402,0,0
"29119",23381,0,0
"29121",15173,0,0
"29123",12649,0,0
"29125",8454,0,0
"29127",28525,0,0
"29129",3517,0,0
"29131",24855,0,0
"29133",12305,0,0
"29135",15401,0,0
"29137",8668,0,0
"29139",11421,0,0
"29141",21169,0,0
"29143",16341,0,0
"29145",59019,1,1.69
"29147",21140,0,0
"29149",8783,0,0
"29151",13374,0,0
"29153",8688,0,0
"29155",15555,0,0
"29157",18970,0,0
"29159",43059,0,0
"29161",44843,3,6.69
"29163",17719,0,0
"29165",107033,1,0.93
"29167",31877,0,0
"29169",53726,0,0
"29171",4698,0,0
"29173",10356,0,0
"29175",24652,1,4.06
"29177",23122,0,0
"29179",6102,0,0
"29181",10839,0,0
"29183",406262,8,1.97
"29185",9330,0,0
"29186",18494,0,0
"29187",66814,1,1.5
"29189",999703,49,4.9
"29195",23219,0,0
"29197",4066,0,0
"29199",4720,0,0
"29201",38055,1,2.63
"29203",7132,0,0
"29205",6049,0,0
"29207",28656,0,0
"29209",31314,0,0
"29211",5983,0,0
"29213",56202,2,3.56
"29215",24828,0,0
"29217",19777,0,0
"29219",35729,0,0
"29221",23580,0,0
"29223",11081,0,0
"29225",39265,0,0
"29227",1982,0,0
"29229",18475,0,0
"29510",298018,54,18.12
"30001",9469,0,0
"30003",13090,0,0
"30005",7030,0,0
"30007",6977,0,0
"30009",10645,0,0
"30011",1332,0,0
"30013",84423,3,3.55
"30015",5897,0,0
"30017",11957,0,0
"30019",1535,0,0
"30021",8915,0,0
"30023",9435,0,0
"30025",2941,0,0
"30027",11496,0,0
"30029",105950,6,5.66
"30031",119685,4,3.34
"30033",976,0,0
"30035",13781,0,0
"30037",841,0,0
"30039",3368,0,0
"30041",16238,0,0
"30043",12273,0,0
"30045",2039,0,0
"30047",31509,0,0
"30049",71487,2,2.8
"30051",1993,0,0
"30053",20157,0,0
"30055",1746,0,0
"30057",8742,0,0
"30059",1948,0,0
"30061",4652,0,0
"30063",118541,10,8.44
"30065",4924,0,0
"30067",17320,0,0
"30069",416,0,0
"30071",4233,0,0
"30073",5987,0,0
"30075",1773,0,0
"30077",6998,0,0
"30079",1283,0,0
"30081",44876,0,0
"30083",11366,2,17.6
"30085",10799,0,0
"30087",8310,0,0
"30089",12615,0,0
"30091",3700,0,0
"30093",35306,2,5.66
"30095",8978,0,0
"30097",3697,0,0
"30099",6238,0,0
"30101",5018,0,0
"30103",680,0,0
"30105",7552,0,0
"30107",2060,0,0
"30109",1119,0,0
"30111",165524,11,6.65
"31001",31143,1,3.21
"31003",6302,0,0
"31005",485,0,0
"31007",670,0,0
"31009",384,0,0
"31011",5397,0,0
"31013",10778,0,0
"31015",1767,0,0
"31017",2691,0,0
"31019",50103,3,5.99
"31021",6717,0,0
"31023",8373,0,0
"31025",26749,0,0
"31027",8375,0,0
"31029",3704,0,0
"31031",5473,0,0
"31033",9489,0,0
"31035",6088,0,0
"31037",10563,0,0
"31039",9000,0,0
"31041",10566,0,0
"31043",21308,0,0
"31045",8279,0,0
"31047",24037,0,0
"31049",1858,0,0
"31051",5579,0,0
"31053",37175,0,0
"31055",582638,46,7.9
"31057",1825,0,0
"31059",5557,0,0
"31061",2901,0,0
"31063",2491,0,0
"31065",4630,0,0
"31067",21654,0,0
"31069",1778,0,0
"31071",1833,0,0
"31073",1873,0,0
"31075",649,0,0
"31077",2212,0,0
"31079",62575,4,6.39
"31081",9400,0,0
"31083",3094,0,0
"31085",919,0,0
"31087",2620,0,0
"31089",10149,0,0
"31091",659,0,0
"31093",6476,0,0
"31095",7185,0,0
"31097",5294,0,0
"31099",6655,0,0
"31101",8303,0,0
"31103",987,0,0
"31105",3395,0,0
"31107",8415,0,0
"31109",322063,16,4.97
"31111",34532,3,8.69
"31113",839,0,0
"31115",629,0,0
"31117",456,0,0
"31119",35538,0,0
"31121",7675,0,0
"31123",4562,0,0
"31125",3366,0,0
"31127",7019,0,0
"31129",4092,0,0
"31131",15995,0,0
"31133",2553,0,0
"31135",2860,0,0
"31137",8966,0,0
"31139",7301,0,0
"31141",34219,4,11.69
"31143",5182,0,0
"31145",10690,0,0
"31147",7850,0,0
"31149",1312,0,0
"31151",14275,0,0
"31153",191272,1,0.52
"31155",22374,0,0
"31157",36048,0,0
"31159",17644,0,0
"31161",5102,0,0
"31163",2970,0,0
"31165",1162,2,172.12
"31167",5828,0,0
"31169",5006,0,0
"31171",592,0,0
"31173",6716,0,0
"31175",4053,0,0
"31177",20884,0,0
"31179",9701,0,0
"31181",3410,0,0
"31183",771,0,0
"31185",14212,0,0
"32001",25409,0,0
"32003",2265926,31,1.37
"32005",49476,1,2.02
"32007",53600,0,0
"32009",980,0,0
"32011",1622,0,0
"32013",17266,0,0
"32015",5728,0,0
"32017",4507,0,0
"32019",59435,0,0
"32021",4568,0,0
"32023",51698,0,0
"32027",6587,0,0
"32029",4095,0,0
"32031",486674,13,2.67
"32033",8997,0,0
"32510",58249,3,5.15
"33001",63914,6,9.39
"33003",50679,0,0
"33005",76610,4,5.22
"33007",31430,0,0
"33009",90836,16,17.61
"33011",422733,9,2.13
"33013",153918,10,6.5
"33015",315169,9,2.86
"33017",130965,5,3.82
"33019",43356,0,0
"34001",274339,3,1.09
"34003",953243,36,3.78
"34005",461853,11,2.38
"34007",522581,20,3.83
"34009",95456,0,0
"34011",153588,1,0.65
"34013",853374,27,3.16
"34015",302621,7,2.31
"34017",712029,8,1.12
"34019",129099,6,4.65
"34021",383732,12,3.13
"34023",860147,31,3.6
"34025",643064,25,3.89
"34027",508816,24,4.72
"34029",638691,7,1.1
"34031",519986,18,3.46
"34033",64840,0,0
"34035",344978,11,3.19
"34037",144808,3,2.07
"34039",572079,15,2.62
"34041",109739,2,1.82
"35001",674692,35,5.19
"35003",3635,0,0
"35005",64701,2,3.09
"35006",27211,0,0
"35007",12370,0,0
"35009",48327,1,2.07
"35011",1695,0,0
"35013",219870,2,0.91
"35015",61264,1,1.63
"35017",28006,0,0
"35019",4413,0,0
"35021",671,0,0
"35023",4160,0,0
"35025",73103,1,1.37
"35027",20222,0,0
"35028",19253,0,0
"35029",25393,0,0
"35031",72073,1,1.39
"35033",4208,0,0
"35035",67850,0,0
"35037",8641,0,0
"35039",40285,0,0
"35041",19142,0,0
"35043",149460,4,2.68
"35045",121798,5,4.11
"35047",27215,0,0
"35049",154481,2,1.29
"35051",11506,0,0
"35053",16453,0,0
"35055",34475,0,0
"35057",15203,0,0
"35059",4074,0,0
"35061",76613,0,0
"36001",315041,20,6.35
"36003",47222,0,0
"36005",1443229,28,1.94
"36007",198365,4,2.02
"36009",77000,1,1.3
"36011",76171,0,0
"36013",127440,0,0
"36015",83584,2,2.39
"36017",47096,1,2.12
"36019",79839,3,3.76
"36021",61469,0,0
"36023",46755,0,0
"36025",44637,0,0
"36027",296467,10,3.37
"36029",951232,32,3.36
"36031",37314,0,0
"36033",47459,1,2.11
"36035",53280,1,1.88
"36037",58204,2,3.44
"36039",48067,0,0
"36041",5090,0,0
"36043",60293,0,0
"36045",117445,7,5.96
"36047",2679620,48,1.79
"36049",26690,0,0
"36051",61980,0,0
"36053",68020,2,2.94
"36055",756406,44,5.82
"36057",49624,2,4.03
"36059",1389160,73,5.25
"36061",1645867,235,14.28
"36063",212230,2,0.94
"36065",231055,3,1.3
"36067",472637,33,6.98
"36069",112288,4,3.56
"36071",401237,12,2.99
"36073",40148,0,0
"36075",118037,1,0.85
"36077",59678,6,10.05
"36079",97942,0,0
"36081",2360826,33,1.4
"36083",160943,0,0
"36085",492925,11,2.23
"36087",337326,13,3.85
"36089",108670,3,2.76
"36091",236328,2,0.85
"36093",159447,4,2.51
"36095",29970,0,0
"36097",17855,0,0
"36099",33651,0,0
"36101",93584,1,1.07
"36103",1524486,48,3.15
"36105",78725,1,1.27
"36107",48344,0,0
"36109",102555,1,0.98
"36111",182153,2,1.1
"36113",65684,4,6.09
"36115",61310,0,0
"36117",91324,1,1.1
"36119",997904,72,7.22
"36121",40338,1,2.48
"36123",24713,1,4.05
"37001",171779,5,2.91
"37003",36505,0,0
"37005",10989,0,0
"37007",22200,0,0
"37009",26759,0,0
"37011",17679,0,0
"37013",44711,0,0
"37015",17818,0,0
"37017",29807,0,0
"37019",139721,0,0
"37021",269449,13,4.82
"37023",87799,2,2.28
"37025",226396,7,3.09
"37027",80716,1,1.24
"37029",10547,0,0
"37031",68353,1,1.46
"37033",22747,0,0
"37035",161011,12,7.45
"37037",76754,7,9.12
"37039",28868,0,0
"37041",13835,0,0
"37043",11186,0,0
"37045",99527,0,0
"37047",50827,0,0
"37049",101098,10,9.89
"37051",335207,13,3.88
"37053",28616,0,0
"37055",37160,1,2.69
"37057",169498,1,0.59
"37059",43030,0,0
"37061",49312,0,0
"37063",325101,28,8.61
"37065",49067,0,0
"37067",383739,17,4.43
"37069",69680,0,0
"37071",228972,7,3.06
"37073",10509,0,0
"37075",8047,0,0
"37077",61161,1,1.64
"37079",20407,0,0
"37081",539557,20,3.71
"37083",48772,1,2.05
"37085",134718,0,0
"37087",62152,0,0
"37089",116469,5,4.29
"37091",21633,0,0
"37093",52612,0,0
"37095",4636,0,0
"37097",187839,10,5.32
"37099",42388,3,7.08
"37101",219042,2,0.91
"37103",9263,0,0
"37105",63560,1,1.57
"37107",55071,3,5.45
"37109",87933,0,0
"37111",44629,0,0
"37113",37088,0,0
"37115",21414,0,0
"37117",21992,0,0
"37119",1115403,46,4.12
"37121",14989,0,0
"37123",25839,0,0
"37125",100759,8,7.94
"37127",95015,4,4.21
"37129",228134,9,3.95
"37131",17528,0,0
"37133",203686,4,1.96
"37135",145919,25,17.13
"37137",12317,0,0
"37139",40454,1,2.47
"37141",61592,0,0
"37143",13053,0,0
"37145",39131,0,0
"37147",171196,6,3.5
"37149",19538,0,0
"37151",144403,1,0.69
"37153",43149,0,0
"37155",117573,0,0
"37157",91209,0,0
"37159",147067,4,2.72
"37161",64680,2,3.09
"37163",59317,1,1.69
"37165",34222,1,2.92
"37167",62723,1,1.59
"37169",44696,0,0
"37171",71429,2,2.8
"37173",14130,0,0
"37175",33131,0,0
"37177",3389,0,0
"37179",240109,5,2.08
"37181",42492,1,2.35
"37183",1132103,46,4.06
"37185",18803,0,0
"37187",11051,0,0
"37189",54540,5,9.17
"37191",117480,3,2.55
"37193",66125,0,0
"37195",78667,2,2.54
"37197",37280,0,0
"37199",18538,0,0
"38001",2190,0,0
"38003",10826,0,0
"38005",5960,0,0
"38007",839,0,0
"38009",6411,0,0
"38011",2975,0,0
"38013",2184,0,0
"38015",98443,8,8.13
"38017",186328,16,8.59
"38019",3691,0,0
"38021",5003,0,0
"38023",2195,0,0
"38025",4049,0,0
"38027",2345,0,0
"38029",3297,0,0
"38031",3388,0,0
"38033",1734,0,0
"38035",72927,2,2.74
"38037",2320,0,0
"38039",2309,0,0
"38041",2477,0,0
"38043",2391,0,0
"38045",4135,0,0
"38047",1849,0,0
"38049",5326,0,0
"38051",2529,0,0
"38053",14081,0,0
"38055",9781,0,0
"38057",8366,0,0
"38059",33192,0,0
"38061",9648,0,0
"38063",3025,0,0
"38065",1832,0,0
"38067",6853,0,0
"38069",3999,0,0
"38071",11613,0,0
"38073",5663,0,0
"38075",2282,0,0
"38077",16548,0,0
"38079",12292,0,0
"38081",3828,0,0
"38083",1338,0,0
"38085",3896,0,0
"38087",837,0,0
"38089",32989,0,0
"38091",1774,0,0
"38093",21609,0,0
"38095",2152,0,0
"38097",8004,0,0
"38099",10553,0,0
"38101",69532,2,2.88
"38103",3990,0,0
"38105",39076,0,0
"39001",27509,0,0
"39003",102087,4,3.92
"39005",52522,1,1.9
"39007",97666,2,2.05
"39009",61276,0,0
"39011",46263,0,0
"39013",66554,0,0
"39015",43715,0,0
"39017",388327,15,3.86
"39019",26761,1,3.74
"39021",38715,0,0
"39023",135877,5,3.68
"39025",208851,1,0.48
"39027",42077,1,2.38
"39029",101723,1,0.98
"39031",36629,0,0
"39033",41861,0,0
"39035",1256620,88,7
"39037",51751,0,0
"39039",38300,0,0
"39041",216074,2,0.93
"39043",75299,1,1.33
"39045",159371,3,1.88
"39047",28901,0,0
"39049",1318149,83,6.3
"39051",42602,0,0
"39053",29276,4,13.66
"39055",95455,1,1.05
"39057",167567,3,1.79
"39059",38409,0,0
"39061",827671,79,9.54
"39063",75072,4,5.33
"39065",30622,0,0
"39067",14528,0,0
"39069",27601,0,0
"39071",43285,0,0
"39073",28104,0,0
"39075",44273,0,0
"39077",58518,0,0
"39079",32563,0,0
"39081",65280,2,3.06
"39083",62657,0,0
"39085",232236,4,1.72
"39087",57994,1,1.72
"39089",178844,3,1.68
"39091",46098,1,2.17
"39093",313101,4,1.28
"39095",430014,11,2.56
"39097",43961,0,0
"39099",227979,5,2.19
"39101",65366,3,4.59
"39103",182347,1,0.55
"39105",22242,0,0
"39107",42321,2,4.73
"39109",108818,2,1.84
"39111",13401,0,0
"39113",536121,22,4.1
"39115",13851,0,0
"39117",35049,0,0
"39119",86393,3,3.47
"39121",14216,0,0
"39123",40367,0,0
"39125",18827,0,0
"39127",35451,0,0
"39129",58809,0,0
"39131",27151,0,0
"39133",161217,2,1.24
"39135",40929,0,0
"39137",34400,0,0
"39139",125008,4,3.2
"39141",76957,2,2.6
"39143",58885,0,0
"39145",73716,1,1.36
"39147",55062,0,0
"39149",48145,1,2.08
"39151",374199,8,2.14
"39153",539361,20,3.71
"39155",201749,5,2.48
"39157",92840,1,1.08
"39159",63411,2,3.15
"39161",28833,0,0
"39163",12790,0,0
"39165",243189,1,0.41
"39167",59639,1,1.68
"39169",116680,4,3.43
"39171",36973,1,2.7
"39173",131564,0,0
"39175",21818,0,0
"40001",19726,0,0
"40003",5683,0,0
"40005",14117,0,0
"40007",5071,0,0
"40009",22295,1,4.49
"40011",8661,0,0
"40013",46528,0,0
"40015",26910,0,0
"40017",156681,0,0
"40019",48202,1,2.07
"40021",47412,1,2.11
"40023",14285,0,0
"40025",2272,0,0
"40027",295060,4,1.36
"40029",5287,0,0
"40031",121777,3,2.46
"40033",5537,0,0
"40035",14144,0,0
"40037",72076,0,0
"40039",28391,0,0
"40041",40791,1,2.45
"40043",4504,0,0
"40045",3755,0,0
"40047",62456,2,3.2
"40049",25806,0,0
"40051",55314,0,0
"40053",4152,0,0
"40055",5531,0,0
"40057",2499,0,0
"40059",3272,0,0
"40061",11651,0,0
"40063",13409,0,0
"40065",24776,0,0
"40067",5420,0,0
"40069",10410,0,0
"40071",43859,1,2.28
"40073",15290,0,0
"40075",8446,0,0
"40077",9537,0,0
"40079",48525,0,0
"40081",33734,0,0
"40083",49919,0,0
"40085",10158,0,0
"40087",42393,0,0
"40089",31003,0,0
"40091",19159,0,0
"40093",7678,0,0
"40095",15494,0,0
"40097",39324,0,0
"40099",13837,0,0
"40101",66606,3,4.5
"40103",10981,0,0
"40105",9460,0,0
"40107",11349,0,0
"40109",795822,47,5.91
"40111",36900,0,0
"40113",46004,0,0
"40115",30472,0,0
"40117",15682,0,0
"40119",82058,2,2.44
"40121",43758,0,0
"40123",38116,1,2.62
"40125",72734,1,1.37
"40127",10845,0,0
"40129",3423,0,0
"40131",95870,0,0
"40133",23592,0,0
"40135",39538,0,0
"40137",43140,1,2.32
"40139",21144,0,0
"40141",7013,0,0
"40143",668923,21,3.14
"40145",82269,0,0
"40147",52579,2,3.8
"40149",10930,0,0
"40151",8661,0,0
"40153",20411,0,0
"41001",16685,0,0
"41003",95615,3,3.14
"41005",420925,19,4.51
"41007",41190,2,4.86
"41009",52865,0,0
"41011",64908,3,4.62
"41013",24987,0,0
"41015",23404,0,0
"41017",199352,10,5.02
"41019",111322,4,3.59
"41021",1983,0,0
"41023",7237,0,0
"41025",7496,0,0
"41027",23965,2,8.35
"41029",222604,9,4.04
"41031",24659,0,0
"41033",87994,4,4.55
"41035",69506,1,1.44
"41037",8201,0,0
"41039",382218,5,1.31
"41041",50334,1,1.99
"41043",128598,0,0
"41045",31538,2,6.34
"41047",345815,9,2.6
"41049",12140,0,0
"41051",808098,57,7.05
"41053",87600,0,0
"41055",1900,0,0
"41057",27345,0,0
"41059",79904,2,2.5
"41061",26286,2,7.61
"41063",7439,0,0
"41065",26639,2,7.51
"41067",599541,20,3.34
"41069",1407,0,0
"41071",107674,2,1.86
"42001",104604,2,1.91
"42003",1245310,75,6.02
"42005",65538,0,0
"42007",167629,1,0.6
"42009",47613,0,0
"42011",428483,10,2.33
"42013",122640,4,3.26
"42015",60159,4,6.65
"42017",645163,13,2.01
"42019",194562,1,0.51
"42021",133263,5,3.75
"42023",4536,0,0
"42025",65018,0,0
"42027",158665,7,4.41
"42029",536474,19,3.54
"42031",37489,0,0
"42033",79707,2,2.51
"42035",37860,0,0
"42037",64924,1,1.54
"42039",83876,2,2.38
"42041",261269,11,4.21
"42043",286108,14,4.89
"42045",575312,11,1.91
"42047",30886,0,0
"42049",270495,5,1.85
"42051",128417,2,1.56
"42053",6959,0,0
"42055",156084,3,1.92
"42057",14545,0,0
"42059",35781,0,0
"42061",44123,0,0
"42063",83394,0,0
"42065",44326,1,2.26
"42067",23535,0,0
"42069",215672,4,1.85
"42071",553202,11,1.99
"42073",85907,2,2.33
"42075",143258,4,2.79
"42077",374110,11,2.94
"42079",325396,4,1.23
"42081",114022,4,3.51
"42083",40459,1,2.47
"42085",110600,1,0.9
"42087",46146,0,0
"42089",168128,2,1.19
"42091",856399,25,2.92
"42093",18165,17,93.59
"42095",314299,10,3.18
"42097",91340,0,0
"42099",45941,0,0
"42101",1593208,120,7.53
"42103",58996,0,0
"42105",16390,3,18.3
"42107",143201,3,2.09
"42109",39797,0,0
"42111",73802,1,1.35
"42113",5880,0,0
"42115",38540,0,0
"42117",41186,0,0
"42119",42908,1,2.33
"42121",50475,3,5.94
"42123",38492,1,2.6
"42125",209631,4,1.91
"42127",51227,1,1.95
"42129",354414,6,1.69
"42131",26219,1,3.81
"42133",457051,11,2.41
"44001",50658,0,0
"44003",170168,5,2.94
"44005",85442,2,2.34
"44007",657984,16,2.43
"44009",129998,4,3.08
"45001",24368,0,0
"45003",169865,1,0.59
"45005",8073,0,0
"45007",204592,4,1.96
"45009",13311,0,0
"45011",20653,0,0
"45013",189071,4,2.12
"45015",231419,0,0
"45017",14145,0,0
"45019",409840,62,15.13
"45021",56200,0,0
"45023",32171,0,0
"45025",43536,0,0
"45027",31163,0,0
"45029",38561,0,0
"45031",63025,1,1.59
"45033",28255,0,0
"45035",162139,1,0.62
"45037",26181,0,0
"45039",20942,0,0
"45041",137015,5,3.65
"45043",63594,1,1.57
"45045",528251,26,4.92
"45047",69309,4,5.77
"45049",18890,0,0
"45051",356578,13,3.65
"45053",29444,1,3.4
"45055",65779,6,9.12
"45057",97611,0,0
"45059",67456,0,0
"45061",16557,0,0
"45063",295934,14,4.73
"45065",9612,0,0
"45067",29212,0,0
"45069",26585,0,0
"45071",37918,1,2.64
"45073",78775,1,1.27
"45075",84159,1,1.19
"45077",131106,0,0
"45079",416161,16,3.84
"45081",18952,0,0
"45083",330119,7,2.12
"45085",105199,4,3.8
"45087",27158,0,0
"45089",30879,0,0
"45091",282987,7,2.47
"46003",2590,0,0
"46005",19089,0,0
"46007",3391,0,0
"46009",7018,0,0
"46011",34631,1,2.89
"46013",38278,1,2.61
"46015",5247,0,0
"46017",1859,0,0
"46019",10369,0,0
"46021",1534,0,0
"46023",9302,0,0
"46025",3837,0,0
"46027",14953,0,0
"46029",28402,0,0
"46031",3906,0,0
"46033",8515,0,0
"46035",19966,0,0
"46037",5485,0,0
"46039",4298,0,0
"46041",5275,0,0
"46043",2823,0,0
"46045",4014,0,0
"46047",7079,0,0
"46049",2140,0,0
"46051",7533,0,0
"46053",3983,0,0
"46055",1755,0,0
"46057",6196,0,0
"46059",3075,0,0
"46061",3443,0,0
"46063",1176,0,0
"46065",17812,1,5.61
"46067",7401,0,0
"46069",1319,0,0
"46071",2838,0,0
"46073",1836,0,0
"46075",1006,0,0
"46077",5172,0,0
"46079",11207,0,0
"46081",26047,0,0
"46083",65801,12,18.24
"46085",3719,0,0
"46087",5714,0,0
"46089",2251,0,0
"46091",4363,0,0
"46093",29970,0,0
"46095",1989,0,0
"46097",2312,0,0
"46099",197742,10,5.06
"46101",6346,0,0
"46102",13695,0,0
"46103",110386,9,8.15
"46105",2970,0,0
"46107",2587,0,0
"46109",10242,0,0
"46111",2373,0,0
"46115",6355,0,0
"46117",2979,0,0
"46119",1318,0,0
"46121",9353,0,0
"46123",5607,0,0
"46125",8687,0,0
"46127",16700,4,23.95
"46129",5317,0,0
"46135",23311,2,8.58
"46137",2455,0,0
"47001",77337,6,7.76
"47003",50533,0,0
"47005",15933,0,0
"47007",14816,0,0
"47009",135951,3,2.21
"47011",108859,3,2.76
"47013",39397,0,0
"47015",14481,0,0
"47017",28381,0,0
"47019",56315,0,0
"47021",41184,0,0
"47023",17392,0,0
"47025",32092,0,0
"47027",7592,0,0
"47029",36186,0,0
"47031",58080,2,3.44
"47033",13955,0,0
"47035",61552,1,1.62
"47037",709786,77,10.85
"47039",11483,0,0
"47041",20209,0,0
"47043",54563,1,1.83
"47045",36818,0,0
"47047",42228,0,0
"47049",18642,0,0
"47051",42980,1,2.33
"47053",50455,0,0
"47055",30317,0,0
"47057",23648,0,0
"47059",70399,1,1.42
"47061",13550,0,0
"47063",64531,3,4.65
"47065",367193,17,4.63
"47067",6726,0,0
"47069",25519,0,0
"47071",26824,0,0
"47073",57107,0,0
"47075",17806,0,0
"47077",27845,0,0
"47079",32305,0,0
"47081",24996,0,0
"47083",8253,0,0
"47085",19032,0,0
"47087",11730,0,0
"47089",55017,0,0
"47091",17982,0,0
"47093",481406,28,5.82
"47095",6898,0,0
"47097",25171,0,0
"47099",44377,0,0
"47101",12637,0,0
"47103",35365,0,0
"47105",55507,0,0
"47107",53532,0,0
"47109",25895,0,0
"47111",25365,0,0
"47113",98644,6,6.08
"47115",28852,0,0
"47117",34567,0,0
"47119",102002,2,1.96
"47121",12839,0,0
"47123",46489,0,0
"47125",222305,6,2.7
"47127",6558,0,0
"47129",21124,0,0
"47131",30670,0,0
"47133",22576,0,0
"47135",8432,0,0
"47137",5042,0,0
"47139",17620,0,0
"47141",80157,2,2.5
"47143",33031,0,0
"47145",53777,0,0
"47147",73297,1,1.36
"47149",343727,5,1.45
"47151",21917,0,0
"47153",16065,0,0
"47155",98455,0,0
"47157",926440,31,3.35
"47159",20034,0,0
"47161",13724,0,0
"47163",158722,4,2.52
"47165",196845,2,1.02
"47167",61116,0,0
"47169",11596,0,0
"47171",17845,0,0
"47173",19860,0,0
"47175",6182,0,0
"47177",41163,0,0
"47179",133282,7,5.25
"47181",16325,0,0
"47183",32946,0,0
"47185",27420,1,3.65
"47187",248897,9,3.62
"47189",149096,2,1.34
"48001",58077,1,1.72
"48003",18362,0,0
"48005",86608,1,1.15
"48007",24048,0,0
"48009",8649,7,80.93
"48011",1912,0,0
"48013",49403,0,0
"48015",30406,0,0
"48017",6902,0,0
"48019",21182,0,0
"48021",98435,0,0
"48023",3475,0,0
"48025",30977,0,0
"48027",372821,5,1.34
"48029",2014059,92,4.57
"48031",11608,0,0
"48033",686,0,0
"48035",18404,0,0
"48037",92747,5,5.39
"48039",374600,7,1.87
"48041",234548,13,5.54
"48043",9454,0,0
"48045",1290,0,0
"48047",7059,0,0
"48049",38159,2,5.24
"48051",17958,0,0
"48053",49684,1,2.01
"48055",46141,0,0
"48057",20127,0,0
"48059",13869,0,0
"48061",421854,5,1.19
"48063",12543,0,0
"48065",5801,0,0
"48067",28637,0,0
"48069",7381,0,0
"48071",47037,0,0
"48073",50824,0,0
"48075",6781,0,0
"48077",10290,0,0
"48079",2529,0,0
"48081",3305,0,0
"48083",7808,0,0
"48085",1079153,39,3.61
"48087",2865,0,0
"48089",20582,0,0
"48091",165201,0,0
"48093",13651,0,0
"48095",3235,0,0
"48097",41860,0,0
"48099",82927,4,4.82
"48101",1647,0,0
"48103",4636,0,0
"48105",2949,0,0
"48107",5157,0,0
"48109",2181,0,0
"48111",7165,0,0
"48113",2604053,98,3.76
"48115",12342,0,0
"48117",18585,0,0
"48119",5278,0,0
"48121",914870,9,0.98
"48123",19826,0,0
"48125",1570,0,0
"48127",8672,0,0
"48129",3298,0,0
"48131",9960,0,0
"48133",17812,0,0
"48135",162300,5,3.08
"48137",1380,0,0
"48139",195509,3,1.53
"48141",863832,22,2.55
"48143",42788,1,2.34
"48145",17013,0,0
"48147",36052,0,0
"48149",24564,0,0
"48151",3680,0,0
"48153",5386,0,0
"48155",1075,0,0
"48157",832607,14,1.68
"48159",10445,0,0
"48161",19599,0,0
"48163",18151,0,0
"48165",21523,0,0
"48167",350801,19,5.42
"48169",5735,0,0
"48171",26953,3,11.13
"48173",1068,0,0
"48175",7092,0,0
"48177",19736,0,0
"48179",21272,0,0
"48181",137008,3,2.19
"48183",124245,3,2.41
"48185",29442,0,0
"48187",173828,4,2.3
"48189",32525,0,0
"48191",2847,0,0
"48193",8244,0,0
"48195",5270,0,0
"48197",3541,0,0
"48199",56576,0,0
"48201",4726177,229,4.85
"48203",69098,1,1.45
"48205",5369,0,0
"48207",5408,0,0
"48209",245351,3,1.22
"48211",3371,0,0
"48213",82627,1,1.21
"48215",873167,12,1.37
"48217",36138,0,0
"48219",21495,0,0
"48221",62459,0,0
"48223",37008,3,8.11
"48225",22107,0,0
"48227",34488,0,0
"48229",3329,0,0
"48231",101596,3,2.95
"48233",20595,0,0
"48235",1561,0,0
"48237",8588,0,0
"48239",15010,0,0
"48241",33032,0,0
"48243",1992,0,0
"48245",254942,9,3.53
"48247",4830,0,0
"48249",39060,0,0
"48251",182690,3,1.64
"48253",19758,4,20.24
"48255",14805,0,0
"48257",149773,0,0
"48259",45376,2,4.41
"48261",116,0,0
"48263",635,0,0
"48265",52810,3,5.68
"48267",4316,0,0
"48269",216,0,0
"48271",3157,0,0
"48273",30860,0,0
"48275",3333,0,0
"48277",50149,2,3.99
"48279",13024,0,0
"48281",21829,0,0
"48283",6965,0,0
"48285",20379,0,0
"48287",17543,0,0
"48289",15928,0,0
"48291",93523,0,0
"48293",22222,0,0
"48295",3038,0,0
"48297",11374,0,0
"48299",21637,0,0
"48301",96,0,0
"48303",311509,8,2.57
"48305",5619,0,0
"48307",7638,0,0
"48309",261090,3,1.15
"48311",670,0,0
"48313",13556,0,0
"48315",9668,0,0
"48317",5228,0,0
"48319",3959,0,0
"48321",36251,0,0
"48323",57806,0,0
"48325",51432,0,0
"48327",1964,0,0
"48329",169393,4,2.36
"48331",25080,0,0
"48333",4501,0,0
"48335",8947,0,0
"48337",20197,0,0
"48339",629989,23,3.65
"48341",21284,0,0
"48343",11993,0,0
"48345",1223,0,0
"48347",64768,3,4.63
"48349",52834,1,1.89
"48351",12333,0,0
"48353",14657,0,0
"48355",353245,11,3.11
"48357",9924,0,0
"48359",2171,0,0
"48361",84761,1,1.18
"48363",28569,0,0
"48365",22540,0,0
"48367",151188,1,0.66
"48369",9809,0,0
"48371",15114,0,0
"48373",50536,0,0
"48375",117905,4,3.39
"48377",6168,0,0
"48379",12257,0,0
"48381",141489,5,3.53
"48383",3308,0,0
"48385",2830,0,0
"48387",11627,0,0
"48389",14022,0,0
"48391",6718,0,0
"48393",764,0,0
"48395",16912,0,0
"48397",110631,4,3.62
"48399",9858,0,0
"48401",52755,0,0
"48403",9980,0,0
"48405",7920,0,0
"48407",27666,0,0
"48409",68942,0,0
"48411",5779,0,0
"48413",2474,0,0
"48415",16883,0,0
"48417",3134,0,0
"48419",24157,0,0
"48421",2414,0,0
"48423",234667,15,6.39
"48425",9337,0,0
"48427",65716,0,0
"48429",9260,0,0
"48431",1392,0,0
"48433",1331,0,0
"48435",3345,0,0
"48437",6989,0,0
"48439",2113854,49,2.32
"48441",143029,3,2.1
"48443",862,0,0
"48445",11816,0,0
"48447",1439,0,0
"48449",31301,0,0
"48451",119276,5,4.19
"48453",1289054,63,4.89
"48455",13735,0,0
"48457",19962,0,0
"48459",41261,0,0
"48461",3284,0,0
"48463",24833,0,0
"48465",47693,0,0
"48467",60053,0,0
"48469",91209,5,5.48
"48471",77182,0,0
"48473",57463,0,0
"48475",11347,0,0
"48477",35807,0,0
"48479",267282,2,0.75
"48481",41614,1,2.4
"48483",4980,0,0
"48485",129584,1,0.77
"48487",12795,0,0
"48489",20308,0,0
"48491",617396,16,2.59
"48493",50381,0,0
"48495",7582,0,0
"48497",70062,1,1.43
"48499",45341,0,0
"48501",7630,0,0
"48503",17903,0,0
"48505",13896,0,0
"48507",9700,0,0
"49001",7102,0,0
"49003",58291,0,0
"49005",134428,7,5.21
"49007",20338,1,4.92
"49009",638,0,0
"49011",363032,13,3.58
"49013",19779,1,5.06
"49015",9898,0,0
"49017",5121,0,0
"49019",9680,0,0
"49021",58068,1,1.72
"49023",11943,0,0
"49025",7814,0,0
"49027",13027,0,0
"49029",12367,0,0
"49031",1764,0,0
"49033",2543,0,0
"49035",1180643,55,4.66
"49037",14524,0,0
"49039",28816,0,0
"49041",21667,0,0
"49043",42524,1,2.35
"49045",74032,2,2.7
"49047",35951,0,0
"49049",666021,18,2.7
"49051",35009,0,0
"49053",183297,8,4.36
"49055",2532,0,0
"49057",262960,11,4.18
"50001",37434,2,5.34
"50003",37326,0,0
"50005",30418,1,3.29
"50007",168309,13,7.72
"50009",5976,0,0
"50011",50101,0,0
"50013",7335,0,0
"50015",25977,0,0
"50017",29439,0,0
"50019",27459,1,3.64
"50021",60585,3,4.95
"50023",59768,2,3.35
"50025",45857,0,0
"50027",57832,3,5.19
"51001",33367,1,3
"51003",112513,19,16.89
"51005",15159,1,6.6
"51007",13309,0,0
"51009",31426,0,0
"51011",16253,0,0
"51013",235845,6,2.54
"51015",77433,4,5.17
"51017",4177,0,0
"51019",79761,0,0
"51021",6241,0,0
"51023",33734,0,0
"51025",15965,0,0
"51027",20246,0,0
"51029",16869,0,0
"51031",55518,6,10.81
"51033",31181,0,0
"51035",29126,0,0
"51036",6760,0,0
"51037",11563,0,0
"51041",366019,20,5.46
"51043",14882,0,0
"51045",4898,0,0
"51047",52822,1,1.89
"51049",9697,1,10.31
"51051",14089,0,0
"51053",28057,0,0
"51057",10602,0,0
"51059",1145354,57,4.98
"51061",73290,3,4.09
"51063",15532,0,0
"51065",27442,0,0
"51067",54838,1,1.82
"51069",92007,0,0
"51071",16711,0,0
"51073",38875,0,0
"51075",24906,0,0
"51077",15356,1,6.51
"51079",20631,0,0
"51081",11373,0,0
"51083",34013,0,0
"51085",110513,3,2.71
"51087",333120,3,0.9
"51089",50760,1,1.97
"51091",2247,0,0
"51093",38898,0,0
"51095",78818,3,3.81
"51097",6681,0,0
"51099",26985,0,0
"51101",17845,0,0
"51103",10866,0,0
"51105",22287,0,0
"51107",420773,8,1.9
"51109",38106,0,0
"51111",11988,0,0
"51113",13828,0,0
"51115",8537,0,0
"51117",30367,0,0
"51119",10738,0,0
"51121",99373,4,4.03
"51125",14773,0,0
"51127",23296,0,0
"51131",12132,0,0
"51133",12007,0,0
"51135",15638,0,0
"51137",36593,0,0
"51139",23753,0,0
"51141",17660,0,0
"51143",60541,4,6.61
"51145",30503,0,0
"51147",21922,0,0
"51149",42634,0,0
"51153",481114,4,0.83
"51155",33841,3,8.86
"51157",7422,0,0
"51159",8968,0,0
"51161",96653,11,11.38
"51163",22673,0,0
"51165",83905,6,7.15
"51167",25763,0,0
"51169",21536,0,0
"51171",44337,0,0
"51173",29799,0,0
"51175",18003,0,0
"51177",141097,0,0
"51179",157606,0,0
"51181",6546,0,0
"51183",10866,0,0
"51185",40392,2,4.95
"51187",40800,1,2.45
"51191",53985,5,9.26
"51193",18480,0,0
"51195",36105,0,0
"51197",28275,0,0
"51199",70238,0,0
"51510",157594,2,1.27
"51520",17036,0,0
"51530",6639,0,0
"51540",46289,6,12.96
"51550",249377,5,2
"51570",18158,0,0
"51580",5722,0,0
"51590",42507,0,0
"51595",5680,0,0
"51600",24242,0,0
"51610",14576,4,27.44
"51620",8194,0,0
"51630",28258,7,24.77
"51640",6687,0,0
"51650",137217,4,2.92
"51660",51784,0,0
"51670",23046,0,0
"51678",7346,0,0
"51680",79166,0,0
"51683",42620,2,4.69
"51685",17123,0,0
"51690",13539,0,0
"51700",185118,10,5.4
"51710",236973,20,8.44
"51720",3668,0,0
"51730",33261,0,0
"51735",12479,0,0
"51740",97384,8,8.21
"51750",16379,0,0
"51760",227171,19,8.36
"51770",99213,3,3.02
"51775",25372,0,0
"51790",25581,0,0
"51800",94856,3,3.16
"51810",457900,6,1.31
"51820",22341,0,0
"51830",15486,0,0
"51840",28103,4,14.23
"53001",20557,0,0
"53003",22370,1,4.47
"53005",207560,5,2.41
"53007",79076,8,10.12
"53009",77333,1,1.29
"53011",504091,11,2.18
"53013",3980,0,0
"53015",110621,3,2.71
"53017",43189,0,0
"53019",7260,0,0
"53021",96692,1,1.03
"53023",2310,0,0
"53025",99145,2,2.02
"53027",75672,0,0
"53029",86510,2,2.31
"53031",33006,0,0
"53033",2254371,153,6.79
"53035",275411,10,3.63
"53037",44424,1,2.25
"53039",22798,0,0
"53041",82663,1,1.21
"53043",11036,0,0
"53045",66053,0,0
"53047",42336,0,0
"53049",23396,0,0
"53051",13570,0,0
"53053",918993,36,3.92
"53055",18001,0,0
"53057",129480,7,5.41
"53059",12118,0,0
"53061",828337,21,2.54
"53063",538711,24,4.46
"53065",46774,0,0
"53067",294272,9,3.06
"53069",4476,0,0
"53071",62150,5,8.05
"53073",226523,5,2.21
"53075",47141,2,4.24
"53077",256143,5,1.95
"54001",15527,0,0
"54003",123283,3,2.43
"54005",21705,0,0
"54007",12505,0,0
"54009",22349,0,0
"54011",93965,7,7.45
"54013",6279,0,0
"54015",8049,0,0
"54017",7847,0,0
"54019",40545,0,0
"54021",7444,0,0
"54023",11034,0,0
"54025",32995,1,3.03
"54027",23275,0,0
"54029",28907,3,10.38
"54031",14249,0,0
"54033",65862,3,4.55
"54035",27868,0,0
"54037",58043,0,0
"54039",179895,7,3.89
"54041",16920,0,0
"54043",20410,0,0
"54045",32350,0,0
"54047",18911,0,0
"54049",56194,1,1.78
"54051",30509,0,0
"54053",25488,1,3.92
"54055",59530,2,3.36
"54057",26957,0,0
"54059",23466,0,0
"54061",105988,17,16.04
"54063",12438,0,0
"54065",17237,0,0
"54067",24624,0,0
"54069",42224,4,9.47
"54071",6156,0,0
"54073",7622,0,0
"54075",7940,0,0
"54077",34206,0,0
"54079",57347,1,1.74
"54081",74303,4,5.38
"54083",28005,1,3.57
"54085",8507,0,0
"54087",14027,0,0
"54089",11985,0,0
"54091",16602,0,0
"54093",6747,0,0
"54095",8336,0,0
"54097",23875,0,0
"54099",38933,1,2.57
"54101",8362,0,0
"54103",14431,0,0
"54105",5202,0,0
"54107",84272,2,2.37
"54109",21237,0,0
"55001",20730,1,4.82
"55003",16041,2,12.47
"55005",46683,1,2.14
"55007",16214,0,0
"55009",268393,12,4.47
"55011",13329,0,0
"55013",16561,0,0
"55015",52361,2,3.82
"55017",66254,1,1.51
"55019",34703,0,0
"55021",58272,0,0
"55023",16123,0,0
"55025",559891,42,7.5
"55027",89032,0,0
"55029",30038,0,0
"55031",44092,0,0
"55033",45221,0,0
"55035",105697,11,10.41
"55037",4574,0,0
"55039",104027,4,3.85
"55041",9239,0,0
"55043",51842,1,1.93
"55045",37066,1,2.7
"55047",19093,0,0
"55049",23766,0,0
"55051",6136,0,0
"55053",20958,0,0
"55055",85932,4,4.65
"55057",26695,0,0
"55059",168693,5,2.96
"55061",20570,0,0
"55063",120216,14,11.65
"55065",16716,0,0
"55067",19512,0,0
"55069",28402,0,0
"55071",81242,1,1.23
"55073",137820,4,2.9
"55075",41827,1,2.39
"55077",15619,0,0
"55078",4279,0,0
"55079",933063,68,7.29
"55081",46208,0,0
"55083",39048,0,0
"55085",37799,0,0
"55087",190611,6,3.15
"55089",91745,6,6.54
"55091",7363,0,0
"55093",42187,1,2.37
"55095",45128,1,2.22
"55097",70281,3,4.27
"55099",14066,0,0
"55101",197068,6,3.04
"55103",17256,0,0
"55105",163817,5,3.05
"55107",14179,0,0
"55109",93752,0,0
"55111",65664,0,0
"55113",18057,0,0
"55115",40848,0,0
"55117",117741,3,2.55
"55119",19979,0,0
"55121",30679,0,0
"55123",30811,0,0
"55125",23146,0,0
"55127",105127,2,1.9
"55129",16685,0,0
"55131",136842,2,1.46
"55133",407290,16,3.93
"55135",51822,0,0
"55137",24672,0,0
"55139",171197,4,2.34
"55141",74138,6,8.09
"56001",37525,0,0
"56003",11690,0,0
"56005",46857,1,2.13
"56007",14609,0,0
"56009",13729,0,0
"56011",7258,0,0
"56013",39402,4,10.15
"56015",12592,0,0
"56017",4616,0,0
"56019",8536,0,0
"56021",100316,3,2.99
"56023",19794,0,0
"56025",79506,4,5.03
"56027",2460,0,0
"56029",29878,0,0
"56031",8618,0,0
"56033",31176,2,6.42
"56035",8801,0,0
"56037",42079,2,4.75
"56039",23346,1,4.28
"56041",20546,0,0
"56043",7725,0,0
"56045",6870,0,0
