state,n_rural_primary,n_rural_secondary_practices,n_rural_combined_npi_state_pairs,delta_secondary
OH,42,36,62,20
PA,51,15,60,9
IL,31,27,50,19
NC,42,7,46,4
NH,40,10,44,4
WI,32,12,44,12
TX,37,3,40,3
NY,34,7,38,4
KY,29,8,35,6
GA,27,10,32,5
MS,29,14,32,3
CA,22,5,27,5
OR,23,3,25,2
MN,18,6,23,5
CO,18,8,22,4
SC,15,7,22,7
LA,18,3,21,3
IN,18,2,20,2
IA,18,2,19,1
MO,14,11,19,5
VA,16,3,19,3
AR,17,1,18,1
NE,13,5,18,5
AL,14,3,17,3
MI,12,7,17,5
OK,16,0,16,0
TN,12,7,16,4
MT,10,8,15,5
KS,13,1,14,1
VT,12,2,14,2
WV,9,6,14,5
ME,13,1,13,0
WA,10,1,11,1
WY,11,1,11,0
FL,6,4,10,4
NM,9,1,10,1
CT,8,0,8,0
NJ,7,1,8,1
SD,5,1,6,1
UT,5,1,6,1
AZ,5,0,5,0
MD,3,2,5,2
RI,3,0,3,0
DE,1,1,2,1
ID,1,2,2,1
MA,1,0,1,0
NV,1,0,1,0
ND,0,0,0,0
DC,0,0,0,0
