State,State_Abbr,AAO_HNS_District,Region
Alabama,AL,District 4,Southeast
Alaska,AK,District 8,Pacific
Arizona,AZ,District 7,Mountain/Southwest
Arkansas,AR,District 6,Central
California,CA,District 8,Pacific
Colorado,CO,District 7,Mountain/Southwest
Connecticut,CT,District 1,New England
Delaware,DE,District 3,Mid-Atlantic/Southeast
District of Columbia,DC,District 3,Mid-Atlantic/Southeast
Florida,FL,District 4,Southeast
Georgia,GA,District 4,Southeast
Guam,GU,District 8,Pacific
Hawaii,HI,District 8,Pacific
Idaho,ID,District 8,Pacific
Illinois,IL,District 5,Midwest
Indiana,IN,District 5,Midwest
Iowa,IA,District 5,Midwest
Kansas,KS,District 6,Central
Kentucky,KY,District 4,Southeast
Louisiana,LA,District 4,Southeast
Maine,ME,District 1,New England
Maryland,MD,District 3,Mid-Atlantic/Southeast
Massachusetts,MA,District 1,New England
Michigan,MI,District 5,Midwest
Minnesota,MN,District 5,Midwest
Mississippi,MS,District 4,Southeast
Missouri,MO,District 6,Central
Montana,MT,District 7,Mountain/Southwest
Nebraska,NE,District 6,Central
Nevada,NV,District 7,Mountain/Southwest
New Hampshire,NH,District 1,New England
New Jersey,NJ,District 2,Middle Atlantic
New Mexico,NM,District 7,Mountain/Southwest
New York,NY,District 2,Middle Atlantic
North Carolina,NC,District 3,Mid-Atlantic/Southeast
North Dakota,ND,District 6,Central
Ohio,OH,District 5,Midwest
Oklahoma,OK,District 6,Central
Oregon,OR,District 8,Pacific
Pennsylvania,PA,District 2,Middle Atlantic
Puerto Rico,PR,District 4,Southeast
Rhode Island,RI,District 1,New England
South Carolina,SC,District 4,Southeast
South Dakota,SD,District 6,Central
Tennessee,TN,District 4,Southeast
Texas,TX,District 6,Central
U.S. Virgin Islands,VI,District 4,Southeast
Utah,UT,District 7,Mountain/Southwest
Vermont,VT,District 1,New England
Virginia,VA,District 3,Mid-Atlantic/Southeast
Washington,WA,District 8,Pacific
West Virginia,WV,District 3,Mid-Atlantic/Southeast
Wisconsin,WI,District 5,Midwest
Wyoming,WY,District 7,Mountain/Southwest
