"Group","Measure","n","Denominator","%"
"Access cascade (% of analytic sample)","Reached a live office (office answered)",569,731,"77.8"
"Access cascade (% of analytic sample)","Practice accepting new patients",432,731,"59.1"
"Access cascade (% of analytic sample)","Practice sees the presented complaint",415,731,"56.8"
"Access cascade (% of analytic sample)","New-patient appointment offered",436,731,"59.6"
"Access cascade (% of analytic sample)","Appointment with the sampled physician",370,731,"50.6"
"Reasons not accepting new patients (% of non-accepting)","changed practice",44,240,"18.3"
"Reasons not accepting new patients (% of non-accepting)","on leave",4,240,"1.7"
"Reasons not accepting new patients (% of non-accepting)","practice full",7,240,"2.9"
"Reasons not accepting new patients (% of non-accepting)","retired/left",81,240,"33.8"
"Reasons not accepting new patients (% of non-accepting)","unspecified",104,240,"43.3"
"Whom the appointment was with (% of offers)","Sampled physician",370,436,"84.9"
"Whom the appointment was with (% of offers)","A different physician",54,436,"12.4"
"Whom the appointment was with (% of offers)","Advanced practice provider only",9,436,"2.1"
"Whom the appointment was with (% of offers)","Provider type not recorded",3,436,"0.7"
