"Term","IRR (95% CI)","p-value"
"ent_typeFacial Plastics","1.06 (0.74-1.52)","0.743"
"ent_typeHead and Neck Cancer","1.29 (0.74-2.26)","0.369"
"ent_typeLaryngology","2.24 (1.13-4.41)","0.020"
"ent_typeOtology/neurotology","1.31 (0.72-2.41)","0.377"
"ent_typePediatrics","1.62 (1.11-2.38)","0.013"
"ent_typeRhinology","1.56 (0.90-2.68)","0.110"
"ent_typeSleep","1.21 (0.64-2.30)","0.551"
"ent_per_100k_z","0.94 (0.82-1.08)","0.391"
"medicaid_fee_index_z","0.94 (0.83-1.06)","0.318"
"svi_overall_z","0.96 (0.85-1.08)","0.489"
"dual_pct_z","0.99 (0.87-1.12)","0.832"
"ruralRural","1.19 (0.92-1.53)","0.191"
"caller_fDeol","0.83 (0.60-1.14)","0.258"
"caller_fFalk","0.64 (0.43-0.93)","0.020"
"caller_fGregg","0.90 (0.65-1.25)","0.528"
"caller_fKim","0.98 (0.70-1.37)","0.896"
"caller_fOther","0.66 (0.23-1.87)","0.436"
"caller_fWalsh","0.89 (0.64-1.23)","0.465"
