"Term","Access [Logistic]","Timeliness [NB]"
"ent_typeGeneral","Ref.","Ref."
"ent_typeFacial Plastics","0.90 (0.54-1.52)
p=0.706","1.03 (0.72-1.49)
p=0.856"
"ent_typeHead and Neck Cancer","0.83 (0.36-1.92)
p=0.669","1.26 (0.72-2.22)
p=0.423"
"ent_typeLaryngology","1.74 (0.50-6.07)
p=0.386","2.25 (1.14-4.46)
p=0.020"
"ent_typeOtology/neurotology","0.49 (0.23-1.07)
p=0.072","1.20 (0.64-2.26)
p=0.562"
"ent_typePediatrics","2.27 (1.08-4.76)
p=0.031","1.54 (1.04-2.28)
p=0.032"
"ent_typeRhinology","2.11 (0.72-6.18)
p=0.174","1.55 (0.89-2.68)
p=0.121"
"ent_typeSleep","1.66 (0.55-5.01)
p=0.373","1.16 (0.61-2.24)
p=0.647"
"ent_per_100k_z","0.95 (0.81-1.12)
p=0.552","0.95 (0.81-1.11)
p=0.520"
"medicaid_fee_index_z","0.91 (0.77-1.07)
p=0.254","0.96 (0.84-1.10)
p=0.543"
"svi_overall_z","0.95 (0.80-1.13)
p=0.583","0.95 (0.84-1.07)
p=0.416"
"dual_pct_z","1.00 (0.83-1.19)
p=0.958","0.98 (0.86-1.12)
p=0.821"
"ruralUrban","Ref.","Ref."
"ruralRural","1.02 (0.71-1.46)
p=0.922","1.09 (0.83-1.42)
p=0.549"
"caller_fRoesch","Ref.","Ref."
"caller_fDeol","2.34 (1.42-3.85)
p=< 0.001","0.82 (0.59-1.14)
p=0.237"
"caller_fFalk","2.00 (1.13-3.52)
p=0.017","0.61 (0.41-0.91)
p=0.014"
"caller_fGregg","1.89 (1.15-3.12)
p=0.012","1.00 (0.71-1.40)
p=0.994"
"caller_fKim","1.98 (1.20-3.27)
p=0.007","1.00 (0.71-1.42)
p=1.000"
"caller_fOther","0.50 (0.14-1.73)
p=0.274","0.74 (0.26-2.10)
p=0.566"
"caller_fWalsh","2.24 (1.37-3.66)
p=0.001","0.86 (0.62-1.20)
p=0.377"
"N","731","430"
"AIC","989.3","3570.6"
