"State","Calls, n","Offer rate, %","Median wait, days"
"AL",13,"61.5","12"
"AR",8,"62.5","16"
"AZ",5,"60.0","20"
"CA",57,"59.6","12"
"CO",11,"36.4","52"
"CT",7,"71.4","12"
"DC",4,"75.0","8"
"DE",3,"33.3","12"
"FL",26,"61.5","8"
"GA",21,"57.1","11"
"IA",16,"56.2","14"
"ID",5,"80.0","14"
"IL",26,"88.5","26"
"IN",20,"55.0","19"
"KS",8,"62.5","4"
"KY",17,"52.9","10"
"LA",15,"53.3","3"
"MA",11,"36.4","10"
"MD",10,"50.0","9"
"ME",6,"50.0","53"
"MI",14,"57.1","25"
"MN",21,"57.1","14"
"MO",16,"50.0","14"
"MS",12,"100.0","7"
"MT",5,"40.0","10"
"NC",31,"54.8","6"
"NE",11,"54.5","12"
"NH",16,"56.2","42"
"NJ",9,"66.7","6"
"NM",5,"0.0","—"
"NV",4,"25.0","58"
"NY",45,"55.6","13"
"OH",36,"58.3","11"
"OK",6,"66.7","32"
"OR",13,"53.8","14"
"PA",37,"37.8","24"
"RI",1,"100.0","26"
"SC",13,"76.9","4"
"SD",2,"100.0","10"
"TN",12,"50.0","6"
"TX",58,"75.9","17"
"UT",9,"77.8","13"
"VA",16,"81.2","33"
"VT",7,"57.1","63"
"WA",13,"38.5","21"
"WI",21,"76.2","20"
"WV",3,"0.0","—"
"WY",6,"66.7","13"
